ts,market,mid,news_score,imbalance,posterior,fair,confidence
2026-06-01T13:30:00+00:00,KX_BIRDFLU_US_2026,0.4213,0.0,-0.28042,0.417,0.42035,0.22011
2026-06-01T13:30:00+00:00,PM_HEATWAVE_EU_2026,0.35995,0.0,-0.59839,0.35131,0.35736,0.2996
2026-06-01T13:30:00+00:00,PM_HURRICANE_FL_2026,0.3086,0.0,0.19481,0.31122,0.30912,0.1987
2026-06-01T13:30:10+00:00,KX_BIRDFLU_US_2026,0.41745,0.0,-0.29167,0.41299,0.41646,0.22292
2026-06-01T13:30:10+00:00,PM_HEATWAVE_EU_2026,0.357,0.0,0.38346,0.36256,0.35837,0.24586
2026-06-01T13:30:10+00:00,PM_HURRICANE_FL_2026,0.3098,0.0,0.62963,0.31835,0.31243,0.30741
2026-06-01T13:30:20+00:00,KX_BIRDFLU_US_2026,0.41935,0.0,-0.71569,0.40841,0.41575,0.32892
2026-06-01T13:30:20+00:00,PM_HEATWAVE_EU_2026,0.35495,0.0,0.28421,0.35906,0.35586,0.22105
2026-06-01T13:30:20+00:00,PM_HURRICANE_FL_2026,0.30455,0.0,0.64345,0.3132,0.30724,0.31086
2026-06-01T13:30:30+00:00,KX_BIRDFLU_US_2026,0.4214,0.0,-0.38462,0.4155,0.41995,0.24615
2026-06-01T13:30:30+00:00,PM_HEATWAVE_EU_2026,0.35205,0.0,-0.00704,0.35195,0.35203,0.15176
2026-06-01T13:30:30+00:00,PM_HURRICANE_FL_2026,0.30355,0.0,0.21194,0.30638,0.30412,0.20299
2026-06-01T13:30:40+00:00,KX_BIRDFLU_US_2026,0.42255,0.0,0.02956,0.423,0.42262,0.15739
2026-06-01T13:30:40+00:00,PM_HEATWAVE_EU_2026,0.3512,0.0,-0.2381,0.34779,0.35049,0.20952
2026-06-01T13:30:40+00:00,PM_HURRICANE_FL_2026,0.3029,0.0,0.58423,0.31073,0.30522,0.29606
2026-06-01T13:30:50+00:00,KX_BIRDFLU_US_2026,0.4173,0.0,-0.5,0.40966,0.4152,0.275
2026-06-01T13:30:50+00:00,PM_HEATWAVE_EU_2026,0.35875,0.0,0.30244,0.36314,0.35974,0.22561
2026-06-01T13:30:50+00:00,PM_HURRICANE_FL_2026,0.3033,0.0,0.13292,0.30507,0.30362,0.18323
2026-06-01T13:31:00+00:00,KX_BIRDFLU_US_2026,0.4162,0.0,0.38817,0.42215,0.41767,0.24704
2026-06-01T13:31:00+00:00,PM_HEATWAVE_EU_2026,0.3611,0.0,0.03258,0.36157,0.36117,0.15815
2026-06-01T13:31:00+00:00,PM_HURRICANE_FL_2026,0.3038,0.0,-0.41667,0.29828,0.3024,0.25417
2026-06-01T13:31:10+00:00,KX_BIRDFLU_US_2026,0.41265,0.0,0.08532,0.41395,0.41287,0.17133
2026-06-01T13:31:10+00:00,PM_HEATWAVE_EU_2026,0.3663,0.0,0.65714,0.37596,0.36934,0.31429
2026-06-01T13:31:10+00:00,PM_HURRICANE_FL_2026,0.30095,0.0,0.20848,0.30372,0.30151,0.20212
2026-06-01T13:31:20+00:00,KX_BIRDFLU_US_2026,0.41065,0.0,-0.32903,0.40564,0.40949,0.23226
2026-06-01T13:31:20+00:00,PM_HEATWAVE_EU_2026,0.36985,0.0,-0.15584,0.36756,0.36942,0.18896
2026-06-01T13:31:20+00:00,PM_HURRICANE_FL_2026,0.2998,0.0,-0.46626,0.29367,0.29817,0.26656
2026-06-01T13:31:30+00:00,KX_BIRDFLU_US_2026,0.406,0.0,-0.79767,0.39394,0.40179,0.34942
2026-06-01T13:31:30+00:00,PM_HEATWAVE_EU_2026,0.3656,0.0,-0.11286,0.36395,0.36531,0.17822
2026-06-01T13:31:30+00:00,PM_HURRICANE_FL_2026,0.30145,0.0,0.6954,0.31075,0.30446,0.32385
2026-06-01T13:31:40+00:00,KX_BIRDFLU_US_2026,0.4028,0.0,-0.55405,0.39443,0.40039,0.28851
2026-06-01T13:31:40+00:00,PM_HEATWAVE_EU_2026,0.3634,0.0,0.52632,0.3711,0.36557,0.28158
2026-06-01T13:31:40+00:00,PM_HURRICANE_FL_2026,0.30075,0.0,0.18577,0.30322,0.30123,0.19644
2026-06-01T13:31:50+00:00,KX_BIRDFLU_US_2026,0.4023,0.0,-0.39796,0.39629,0.4008,0.24949
2026-06-01T13:31:50+00:00,PM_HEATWAVE_EU_2026,0.36685,0.0,-0.13274,0.36491,0.36649,0.18319
2026-06-01T13:31:50+00:00,PM_HURRICANE_FL_2026,0.30065,0.0,-0.43871,0.29487,0.29915,0.25968
2026-06-01T13:32:00+00:00,KX_BIRDFLU_US_2026,0.40555,0.0,-0.57724,0.39681,0.40298,0.29431
2026-06-01T13:32:00+00:00,PM_HEATWAVE_EU_2026,0.36415,0.0,-0.09756,0.36273,0.3639,0.17439
2026-06-01T13:32:00+00:00,PM_HURRICANE_FL_2026,0.2975,0.0,-0.10959,0.29606,0.29724,0.1774
2026-06-01T13:32:10+00:00,KX_BIRDFLU_US_2026,0.40715,0.0,-0.47692,0.39992,0.4052,0.26923
2026-06-01T13:32:10+00:00,PM_HEATWAVE_EU_2026,0.3672,0.0,-0.07059,0.36617,0.36703,0.16765
2026-06-01T13:32:10+00:00,PM_HURRICANE_FL_2026,0.29595,0.0,-0.67164,0.28721,0.29317,0.31791
2026-06-01T13:32:20+00:00,KX_BIRDFLU_US_2026,0.407,0.0,-0.55556,0.39858,0.40457,0.28889
2026-06-01T13:32:20+00:00,PM_HEATWAVE_EU_2026,0.3681,0.0,-0.0365,0.36757,0.36801,0.15912
2026-06-01T13:32:20+00:00,PM_HURRICANE_FL_2026,0.2967,0.0,0.08029,0.29776,0.29688,0.17007
2026-06-01T13:32:30+00:00,KX_BIRDFLU_US_2026,0.4069,0.0,0.36122,0.4124,0.40822,0.2403
2026-06-01T13:32:30+00:00,PM_HEATWAVE_EU_2026,0.36435,0.0,0.07317,0.36542,0.36453,0.16829
2026-06-01T13:32:30+00:00,PM_HURRICANE_FL_2026,0.29725,0.0,-0.4381,0.29152,0.29576,0.25952
2026-06-01T13:32:40+00:00,KX_BIRDFLU_US_2026,0.41025,0.0,0.16107,0.41271,0.41072,0.19027
2026-06-01T13:32:40+00:00,PM_HEATWAVE_EU_2026,0.3685,0.0,-0.40334,0.36261,0.36702,0.25084
2026-06-01T13:32:40+00:00,PM_HURRICANE_FL_2026,0.29525,0.0,0.35652,0.29994,0.29637,0.23913
2026-06-01T13:32:50+00:00,KX_BIRDFLU_US_2026,0.4058,0.0,0.55313,0.41423,0.40823,0.28828
2026-06-01T13:32:50+00:00,PM_HEATWAVE_EU_2026,0.3636,0.0,0.73333,0.37436,0.36719,0.33333
2026-06-01T13:32:50+00:00,PM_HURRICANE_FL_2026,0.29895,0.0,-0.41553,0.29349,0.29756,0.25388
2026-06-01T13:33:00+00:00,KX_BIRDFLU_US_2026,0.41115,0.0,-0.18868,0.40828,0.41058,0.19717
2026-06-01T13:33:00+00:00,PM_HEATWAVE_EU_2026,0.36615,0.0,-0.37391,0.3607,0.36482,0.24348
2026-06-01T13:33:00+00:00,PM_HURRICANE_FL_2026,0.30405,0.0,-0.25,0.30073,0.30334,0.2125
2026-06-01T13:33:10+00:00,KX_BIRDFLU_US_2026,0.411,0.0,0.625,0.42056,0.41393,0.30625
2026-06-01T13:33:10+00:00,PM_HEATWAVE_EU_2026,0.36405,0.0,0.01056,0.3642,0.36407,0.15264
2026-06-01T13:33:10+00:00,PM_HURRICANE_FL_2026,0.3042,0.0,0.76978,0.31456,0.30775,0.34245
2026-06-01T13:33:20+00:00,KX_BIRDFLU_US_2026,0.41515,0.0,0.12079,0.417,0.41548,0.1802
2026-06-01T13:33:20+00:00,PM_HEATWAVE_EU_2026,0.36245,0.0,0.13934,0.36448,0.36283,0.18484
2026-06-01T13:33:20+00:00,PM_HURRICANE_FL_2026,0.3044,0.0,-0.01562,0.30419,0.30437,0.15391
2026-06-01T13:33:30+00:00,KX_BIRDFLU_US_2026,0.4164,0.0,-0.57692,0.4076,0.41381,0.29423
2026-06-01T13:33:30+00:00,PM_HEATWAVE_EU_2026,0.3664,0.0,-0.31935,0.36174,0.36533,0.22984
2026-06-01T13:33:30+00:00,PM_HURRICANE_FL_2026,0.30375,0.0,0.7457,0.31378,0.30712,0.33643
2026-06-01T13:33:40+00:00,KX_BIRDFLU_US_2026,0.42035,0.0,-0.18451,0.41752,0.4198,0.19613
2026-06-01T13:33:40+00:00,PM_HEATWAVE_EU_2026,0.36975,0.0,-0.0892,0.36844,0.36952,0.1723
2026-06-01T13:33:40+00:00,PM_HURRICANE_FL_2026,0.30305,0.0,-0.23547,0.29993,0.3024,0.20887
2026-06-01T13:33:50+00:00,KX_BIRDFLU_US_2026,0.42085,0.0,-0.70306,0.41009,0.41735,0.32576
2026-06-01T13:33:50+00:00,PM_HEATWAVE_EU_2026,0.3742,0.0,0.23762,0.37771,0.37494,0.20941
2026-06-01T13:33:50+00:00,PM_HURRICANE_FL_2026,0.2991,0.0,-0.24722,0.29585,0.29841,0.2118
2026-06-01T13:34:00+00:00,KX_BIRDFLU_US_2026,0.42305,0.0,0.03509,0.42359,0.42314,0.15877
2026-06-01T13:34:00+00:00,PM_HEATWAVE_EU_2026,0.3748,0.0,-0.72603,0.36414,0.37127,0.33151
2026-06-01T13:34:00+00:00,PM_HURRICANE_FL_2026,0.30175,0.0,0.07021,0.30268,0.30191,0.16755
2026-06-01T13:34:10+00:00,KX_BIRDFLU_US_2026,0.424,0.0,0.55556,0.43257,0.42648,0.28889
2026-06-01T13:34:10+00:00,PM_HEATWAVE_EU_2026,0.37985,0.0,0.67914,0.38998,0.38309,0.31979
2026-06-01T13:34:10+00:00,PM_HURRICANE_FL_2026,0.3024,0.0,0.13617,0.30421,0.30273,0.18404
2026-06-01T13:34:20+00:00,KX_BIRDFLU_US_2026,0.4243,0.0,-0.16088,0.42183,0.42383,0.19022
2026-06-01T13:34:20+00:00,PM_HEATWAVE_EU_2026,0.3718,0.0,0.19122,0.37462,0.37236,0.19781
2026-06-01T13:34:20+00:00,PM_HURRICANE_FL_2026,0.30225,0.0,0.5015,0.30895,0.3041,0.27538
2026-06-01T13:34:30+00:00,KX_BIRDFLU_US_2026,0.4235,0.0,0.27684,0.42776,0.42443,0.21921
2026-06-01T13:34:30+00:00,PM_HEATWAVE_EU_2026,0.3791,0.0,0.41441,0.38526,0.38066,0.2536
2026-06-01T13:34:30+00:00,PM_HURRICANE_FL_2026,0.2951,0.0,-0.17094,0.29286,0.29467,0.19274
2026-06-01T13:34:40+00:00,KX_BIRDFLU_US_2026,0.4236,0.0,-0.18672,0.42073,0.42304,0.19668
2026-06-01T13:34:40+00:00,PM_HEATWAVE_EU_2026,0.38045,0.0,-0.05042,0.3797,0.38033,0.16261
2026-06-01T13:34:40+00:00,PM_HURRICANE_FL_2026,0.2961,0.0,0.35323,0.30076,0.29721,0.23831
2026-06-01T13:34:50+00:00,KX_BIRDFLU_US_2026,0.4275,0.0,0.45263,0.43449,0.42934,0.26316
2026-06-01T13:34:50+00:00,PM_HEATWAVE_EU_2026,0.3799,0.0,-0.09046,0.37856,0.37967,0.17262
2026-06-01T13:34:50+00:00,PM_HURRICANE_FL_2026,0.29725,0.0,-0.00697,0.29716,0.29724,0.15174
2026-06-01T13:35:00+00:00,KX_BIRDFLU_US_2026,0.4258,0.0,0.3271,0.43085,0.42697,0.23178
2026-06-01T13:35:00+00:00,PM_HEATWAVE_EU_2026,0.38095,0.0,-0.21508,0.37776,0.3803,0.20377
2026-06-01T13:35:00+00:00,PM_HURRICANE_FL_2026,0.29705,0.0,0.54054,0.30421,0.29909,0.28514
2026-06-01T13:35:10+00:00,KX_BIRDFLU_US_2026,0.43055,0.0,-0.2194,0.42716,0.42986,0.20485
2026-06-01T13:35:10+00:00,PM_HEATWAVE_EU_2026,0.38445,0.0,-0.40816,0.37838,0.38292,0.25204
2026-06-01T13:35:10+00:00,PM_HURRICANE_FL_2026,0.2968,0.0,-0.54595,0.28967,0.29476,0.28649
2026-06-01T13:35:20+00:00,KX_BIRDFLU_US_2026,0.43265,0.0,-0.6,0.4234,0.42987,0.3
2026-06-01T13:35:20+00:00,PM_HEATWAVE_EU_2026,0.38505,0.0,0.29661,0.38948,0.38604,0.22415
2026-06-01T13:35:20+00:00,PM_HURRICANE_FL_2026,0.29545,0.0,0.72549,0.30505,0.29863,0.33137
2026-06-01T13:35:30+00:00,KX_BIRDFLU_US_2026,0.43265,0.0,0.72436,0.44388,0.43637,0.33109
2026-06-01T13:35:30+00:00,PM_HEATWAVE_EU_2026,0.38225,0.0,-0.14967,0.38003,0.38183,0.18742
2026-06-01T13:35:30+00:00,PM_HURRICANE_FL_2026,0.2971,0.0,-0.8125,0.28652,0.29336,0.35313
2026-06-01T13:35:40+00:00,KX_BIRDFLU_US_2026,0.43615,0.0,-0.47009,0.42888,0.43421,0.26752
2026-06-01T13:35:40+00:00,PM_HEATWAVE_EU_2026,0.3827,0.0,0.02581,0.38308,0.38276,0.15645
2026-06-01T13:35:40+00:00,PM_HURRICANE_FL_2026,0.29525,0.0,0.50769,0.30195,0.2971,0.27692
2026-06-01T13:35:50+00:00,KX_BIRDFLU_US_2026,0.4332,0.0,0.03846,0.4338,0.43329,0.15962
2026-06-01T13:35:50+00:00,PM_HEATWAVE_EU_2026,0.3853,0.0,0.0,0.3853,0.3853,0.15
2026-06-01T13:35:50+00:00,PM_HURRICANE_FL_2026,0.2947,0.0,0.14286,0.29657,0.29505,0.18571
2026-06-01T13:36:00+00:00,KX_BIRDFLU_US_2026,0.4347,0.0,-0.00522,0.43462,0.43469,0.1513
2026-06-01T13:36:00+00:00,PM_HEATWAVE_EU_2026,0.3821,0.0,0.62011,0.39137,0.38493,0.30503
2026-06-01T13:36:00+00:00,PM_HURRICANE_FL_2026,0.29545,0.0,-0.70616,0.28627,0.29245,0.32654
2026-06-01T13:36:10+00:00,KX_BIRDFLU_US_2026,0.43825,0.0,-0.09677,0.43675,0.43799,0.17419
2026-06-01T13:36:10+00:00,PM_HEATWAVE_EU_2026,0.38555,0.0,0.28796,0.38986,0.38651,0.22199
2026-06-01T13:36:10+00:00,PM_HURRICANE_FL_2026,0.29295,0.0,0.22111,0.29584,0.29354,0.20528
2026-06-01T13:36:20+00:00,KX_BIRDFLU_US_2026,0.43465,0.0,-0.00956,0.4345,0.43463,0.15239
2026-06-01T13:36:20+00:00,PM_HEATWAVE_EU_2026,0.3847,0.0,0.75974,0.39609,0.38857,0.33994
2026-06-01T13:36:20+00:00,PM_HURRICANE_FL_2026,0.29525,0.0,0.49049,0.30172,0.29701,0.27262
2026-06-01T13:36:30+00:00,KX_BIRDFLU_US_2026,0.43655,0.0,-0.39837,0.43039,0.43501,0.24959
2026-06-01T13:36:30+00:00,PM_HEATWAVE_EU_2026,0.3865,0.0,-0.51064,0.3789,0.38439,0.27766
2026-06-01T13:36:30+00:00,PM_HURRICANE_FL_2026,0.2982,0.0,0.12613,0.29987,0.2985,0.18153
2026-06-01T13:36:40+00:00,KX_BIRDFLU_US_2026,0.4392,2.7,-0.20902,0.55686,0.47476,0.30225
2026-06-01T13:36:40+00:00,PM_HEATWAVE_EU_2026,0.383,0.8,0.30752,0.42227,0.39584,0.32688
2026-06-01T13:36:40+00:00,PM_HURRICANE_FL_2026,0.30135,-0.7,-0.24823,0.27239,0.29231,0.31206
2026-06-01T13:36:50+00:00,KX_BIRDFLU_US_2026,0.4367,2.7,0.44745,0.56454,0.48296,0.36186
2026-06-01T13:36:50+00:00,PM_HEATWAVE_EU_2026,0.383,0.8,-0.23649,0.41393,0.39256,0.30912
2026-06-01T13:36:50+00:00,PM_HURRICANE_FL_2026,0.29995,-0.7,-0.09497,0.27299,0.29257,0.27374
2026-06-01T13:37:00+00:00,KX_BIRDFLU_US_2026,0.4304,2.7,0.11111,0.553,0.46445,0.27778
2026-06-01T13:37:00+00:00,PM_HEATWAVE_EU_2026,0.38265,0.8,0.38421,0.42309,0.39664,0.34605
2026-06-01T13:37:00+00:00,PM_HURRICANE_FL_2026,0.29715,-0.7,0.67059,0.27996,0.28997,0.41765
2026-06-01T13:37:10+00:00,KX_BIRDFLU_US_2026,0.4264,2.7,-0.45652,0.54008,0.4678,0.36413
2026-06-01T13:37:10+00:00,PM_HEATWAVE_EU_2026,0.38605,0.8,0.76562,0.43249,0.40655,0.44141
2026-06-01T13:37:10+00:00,PM_HURRICANE_FL_2026,0.3037,-0.7,0.01408,0.27791,0.29716,0.25352
2026-06-01T13:37:20+00:00,KX_BIRDFLU_US_2026,0.418,2.7,0.14706,0.54098,0.45327,0.28676
2026-06-01T13:37:20+00:00,PM_HEATWAVE_EU_2026,0.38595,0.8,0.16304,0.42309,0.39675,0.29076
2026-06-01T13:37:20+00:00,PM_HURRICANE_FL_2026,0.29935,-0.7,0.18072,0.27588,0.29242,0.29518
2026-06-01T13:37:30+00:00,KX_BIRDFLU_US_2026,0.41995,2.7,0.18182,0.54351,0.45646,0.29545
2026-06-01T13:37:30+00:00,PM_HEATWAVE_EU_2026,0.38495,0.8,-0.07013,0.41848,0.39392,0.26753
2026-06-01T13:37:30+00:00,PM_HURRICANE_FL_2026,0.2989,-0.7,-0.75082,0.26389,0.28358,0.4377
2026-06-01T13:37:40+00:00,KX_BIRDFLU_US_2026,0.4157,2.7,0.22131,0.53979,0.45359,0.30533
2026-06-01T13:37:40+00:00,PM_HEATWAVE_EU_2026,0.38395,0.8,0.03226,0.41902,0.393,0.25806
2026-06-01T13:37:40+00:00,PM_HURRICANE_FL_2026,0.2989,-0.7,-0.2009,0.27068,0.29043,0.30023
2026-06-01T13:37:50+00:00,KX_BIRDFLU_US_2026,0.41785,2.7,0.60755,0.54802,0.47016,0.40189
2026-06-01T13:37:50+00:00,PM_HEATWAVE_EU_2026,0.38325,0.8,0.50933,0.42563,0.39924,0.37733
2026-06-01T13:37:50+00:00,PM_HURRICANE_FL_2026,0.3006,-0.7,0.35135,0.27923,0.29338,0.33784
2026-06-01T13:38:00+00:00,KX_BIRDFLU_US_2026,0.4195,2.7,-0.19072,0.53722,0.45454,0.29768
2026-06-01T13:38:00+00:00,PM_HEATWAVE_EU_2026,0.3827,0.8,0.01167,0.41742,0.39148,0.25292
2026-06-01T13:38:00+00:00,PM_HURRICANE_FL_2026,0.3023,-0.7,-0.05361,0.27573,0.2953,0.2634
2026-06-01T13:38:10+00:00,KX_BIRDFLU_US_2026,0.4235,2.7,-0.12963,0.54225,0.45704,0.28241
2026-06-01T13:38:10+00:00,PM_HEATWAVE_EU_2026,0.3803,0.8,0.49091,0.4223,0.39595,0.37273
2026-06-01T13:38:10+00:00,PM_HURRICANE_FL_2026,0.2996,-0.7,0.6789,0.28243,0.29239,0.41972
2026-06-01T13:38:20+00:00,KX_BIRDFLU_US_2026,0.43165,2.7,0.81609,0.5652,0.49228,0.45402
2026-06-01T13:38:20+00:00,PM_HEATWAVE_EU_2026,0.3824,0.8,-0.06667,0.41591,0.39134,0.26667
2026-06-01T13:38:20+00:00,PM_HURRICANE_FL_2026,0.30165,-0.7,-0.03111,0.2754,0.29488,0.25778
2026-06-01T13:38:30+00:00,KX_BIRDFLU_US_2026,0.4288,2.7,-0.60494,0.5402,0.4735,0.40123
2026-06-01T13:38:30+00:00,PM_HEATWAVE_EU_2026,0.38515,0.8,-0.55556,0.41126,0.39531,0.38889
2026-06-01T13:38:30+00:00,PM_HURRICANE_FL_2026,0.2992,-0.7,0.47907,0.2795,0.29192,0.36977
2026-06-01T13:38:40+00:00,KX_BIRDFLU_US_2026,0.42605,2.7,-0.20941,0.54359,0.46159,0.30235
2026-06-01T13:38:40+00:00,PM_HEATWAVE_EU_2026,0.38165,0.8,-0.71963,0.40519,0.39177,0.42991
2026-06-01T13:38:40+00:00,PM_HURRICANE_FL_2026,0.30205,-0.7,-0.12749,0.27456,0.2943,0.28187
2026-06-01T13:38:50+00:00,KX_BIRDFLU_US_2026,0.42435,2.7,0.01661,0.5454,0.45512,0.25415
2026-06-01T13:38:50+00:00,PM_HEATWAVE_EU_2026,0.3811,0.8,0.69643,0.42629,0.40027,0.42411
2026-06-01T13:38:50+00:00,PM_HURRICANE_FL_2026,0.2996,-0.7,0.64667,0.28202,0.29236,0.41167
2026-06-01T13:39:00+00:00,KX_BIRDFLU_US_2026,0.4273,2.7,0.0411,0.54877,0.45892,0.26027
2026-06-01T13:39:00+00:00,PM_HEATWAVE_EU_2026,0.3879,0.8,0.0,0.42259,0.39657,0.25
2026-06-01T13:39:00+00:00,PM_HURRICANE_FL_2026,0.29755,-0.7,0.48861,0.27804,0.29029,0.37215
2026-06-01T13:39:10+00:00,KX_BIRDFLU_US_2026,0.42775,2.7,-0.2069,0.54536,0.46323,0.30172
2026-06-01T13:39:10+00:00,PM_HEATWAVE_EU_2026,0.3887,0.8,0.06195,0.42437,0.39817,0.26549
2026-06-01T13:39:10+00:00,PM_HURRICANE_FL_2026,0.29735,-0.7,-0.25217,0.26858,0.28834,0.31304
2026-06-01T13:39:20+00:00,KX_BIRDFLU_US_2026,0.42175,2.7,-0.75969,0.5306,0.46963,0.43992
2026-06-01T13:39:20+00:00,PM_HEATWAVE_EU_2026,0.38815,0.8,0.19632,0.42587,0.39943,0.29908
2026-06-01T13:39:20+00:00,PM_HURRICANE_FL_2026,0.29425,-0.7,-0.34463,0.26453,0.28426,0.33616
2026-06-01T13:39:30+00:00,KX_BIRDFLU_US_2026,0.4187,2.7,0.35648,0.54496,0.46152,0.33912
2026-06-01T13:39:30+00:00,PM_HEATWAVE_EU_2026,0.3876,0.8,-0.07143,0.42118,0.3966,0.26786
2026-06-01T13:39:30+00:00,PM_HURRICANE_FL_2026,0.292,-0.7,0.57143,0.27375,0.28483,0.39286
2026-06-01T13:39:40+00:00,KX_BIRDFLU_US_2026,0.41795,2.7,-0.25926,0.53456,0.45466,0.31481
2026-06-01T13:39:40+00:00,PM_HEATWAVE_EU_2026,0.38385,0.8,-0.61111,0.40909,0.39402,0.40278
2026-06-01T13:39:40+00:00,PM_HURRICANE_FL_2026,0.2968,-0.7,-0.26761,0.26787,0.28763,0.3169
2026-06-01T13:39:50+00:00,KX_BIRDFLU_US_2026,0.42105,2.7,0.37092,0.54758,0.46442,0.34273
2026-06-01T13:39:50+00:00,PM_HEATWAVE_EU_2026,0.3845,0.8,0.01449,0.41932,0.39333,0.25362
2026-06-01T13:39:50+00:00,PM_HURRICANE_FL_2026,0.29725,-0.7,-0.20705,0.26905,0.28874,0.30176
2026-06-01T13:40:00+00:00,KX_BIRDFLU_US_2026,0.42135,2.7,-0.47511,0.53465,0.46313,0.36878
2026-06-01T13:40:00+00:00,PM_HEATWAVE_EU_2026,0.38365,0.8,0.45017,0.42514,0.39869,0.36254
2026-06-01T13:40:00+00:00,PM_HURRICANE_FL_2026,0.3024,-0.7,0.63498,0.28457,0.29511,0.40875
2026-06-01T13:40:10+00:00,KX_BIRDFLU_US_2026,0.4234,2.7,0.72491,0.55548,0.48036,0.43123
2026-06-01T13:40:10+00:00,PM_HEATWAVE_EU_2026,0.3875,0.8,-0.03448,0.42165,0.39633,0.25862
2026-06-01T13:40:10+00:00,PM_HURRICANE_FL_2026,0.29965,-0.7,0.33333,0.27809,0.29246,0.33333
2026-06-01T13:40:20+00:00,KX_BIRDFLU_US_2026,0.42535,2.7,-0.60991,0.53662,0.47013,0.40248
2026-06-01T13:40:20+00:00,PM_HEATWAVE_EU_2026,0.3859,0.8,-0.59016,0.4115,0.39608,0.39754
2026-06-01T13:40:20+00:00,PM_HURRICANE_FL_2026,0.2965,-0.7,-0.08229,0.26989,0.2893,0.27057
2026-06-01T13:40:30+00:00,KX_BIRDFLU_US_2026,0.4238,2.7,-0.64571,0.53448,0.46934,0.41143
2026-06-01T13:40:30+00:00,PM_HEATWAVE_EU_2026,0.39005,0.8,-0.68293,0.41432,0.40026,0.42073
2026-06-01T13:40:30+00:00,PM_HURRICANE_FL_2026,0.2994,-0.7,-0.08493,0.27259,0.29213,0.27123
2026-06-01T13:40:40+00:00,KX_BIRDFLU_US_2026,0.42405,2.7,0.53889,0.55324,0.47375,0.38472
2026-06-01T13:40:40+00:00,PM_HEATWAVE_EU_2026,0.3867,0.8,0.0,0.42136,0.39536,0.25
2026-06-01T13:40:40+00:00,PM_HURRICANE_FL_2026,0.30065,-0.7,-0.45231,0.2692,0.28923,0.36308
2026-06-01T13:40:50+00:00,KX_BIRDFLU_US_2026,0.42645,2.7,0.08387,0.54858,0.45954,0.27097
2026-06-01T13:40:50+00:00,PM_HEATWAVE_EU_2026,0.38605,0.8,0.25366,0.42459,0.39813,0.31341
2026-06-01T13:40:50+00:00,PM_HURRICANE_FL_2026,0.29875,-0.7,0.79916,0.28315,0.29173,0.44979
2026-06-01T13:41:00+00:00,KX_BIRDFLU_US_2026,0.4256,2.7,0.05778,0.54731,0.45779,0.26444
2026-06-01T13:41:00+00:00,PM_HEATWAVE_EU_2026,0.3918,0.8,0.18006,0.42937,0.40288,0.29501
2026-06-01T13:41:00+00:00,PM_HURRICANE_FL_2026,0.29885,-0.7,-0.3561,0.2687,0.28863,0.33902
2026-06-01T13:41:10+00:00,KX_BIRDFLU_US_2026,0.4254,2.7,-0.18351,0.54334,0.4603,0.29588
2026-06-01T13:41:10+00:00,PM_HEATWAVE_EU_2026,0.39115,0.8,-0.22034,0.42254,0.40073,0.30508
2026-06-01T13:41:10+00:00,PM_HURRICANE_FL_2026,0.29905,-0.7,0.09091,0.27446,0.29234,0.27273
2026-06-01T13:41:20+00:00,KX_BIRDFLU_US_2026,0.4236,2.7,-0.70182,0.53339,0.47031,0.42545
2026-06-01T13:41:20+00:00,PM_HEATWAVE_EU_2026,0.3889,0.8,-0.31148,0.41883,0.39871,0.32787
2026-06-01T13:41:20+00:00,PM_HURRICANE_FL_2026,0.29835,-0.7,-0.57276,0.26556,0.28546,0.39319
2026-06-01T13:41:30+00:00,KX_BIRDFLU_US_2026,0.4231,2.7,0.40909,0.55026,0.46789,0.35227
2026-06-01T13:41:30+00:00,PM_HEATWAVE_EU_2026,0.38695,0.8,-0.56044,0.41303,0.39712,0.39011
2026-06-01T13:41:30+00:00,PM_HURRICANE_FL_2026,0.2987,-0.7,0.27273,0.27642,0.29161,0.31818
2026-06-01T13:41:40+00:00,KX_BIRDFLU_US_2026,0.42365,2.7,-0.36129,0.53878,0.46283,0.34032
2026-06-01T13:41:40+00:00,PM_HEATWAVE_EU_2026,0.38735,0.8,0.05426,0.42286,0.39671,0.26357
2026-06-01T13:41:40+00:00,PM_HURRICANE_FL_2026,0.2995,-0.7,-0.09602,0.27255,0.29212,0.274
2026-06-01T13:41:50+00:00,KX_BIRDFLU_US_2026,0.4227,2.7,0.36893,0.54923,0.466,0.34223
2026-06-01T13:41:50+00:00,PM_HEATWAVE_EU_2026,0.3875,0.8,-0.28266,0.41784,0.39723,0.32067
2026-06-01T13:41:50+00:00,PM_HURRICANE_FL_2026,0.29975,-0.7,-0.25413,0.27081,0.29068,0.31353
2026-06-01T13:42:00+00:00,KX_BIRDFLU_US_2026,0.41845,2.7,0.34759,0.54457,0.46094,0.3369
2026-06-01T13:42:00+00:00,PM_HEATWAVE_EU_2026,0.3851,0.8,0.15385,0.42207,0.39577,0.28846
2026-06-01T13:42:00+00:00,PM_HURRICANE_FL_2026,0.3006,-0.7,0.00304,0.27483,0.29414,0.25076
2026-06-01T13:42:10+00:00,KX_BIRDFLU_US_2026,0.42155,2.7,0.40436,0.54861,0.46616,0.35109
2026-06-01T13:42:10+00:00,PM_HEATWAVE_EU_2026,0.3906,0.8,-0.59452,0.41624,0.40082,0.39863
2026-06-01T13:42:10+00:00,PM_HURRICANE_FL_2026,0.2971,-0.7,0.01083,0.27161,0.29066,0.25271
2026-06-01T13:42:20+00:00,KX_BIRDFLU_US_2026,0.42175,2.7,0.05036,0.54329,0.45366,0.26259
2026-06-01T13:42:20+00:00,PM_HEATWAVE_EU_2026,0.3918,0.8,-0.39948,0.42045,0.40182,0.34987
2026-06-01T13:42:20+00:00,PM_HURRICANE_FL_2026,0.29885,-0.7,0.58025,0.28045,0.29158,0.39506
2026-06-01T13:42:30+00:00,KX_BIRDFLU_US_2026,0.423,2.7,0.73874,0.55529,0.4805,0.43468
2026-06-01T13:42:30+00:00,PM_HEATWAVE_EU_2026,0.39475,0.8,-0.00258,0.42958,0.40348,0.25065
2026-06-01T13:42:30+00:00,PM_HURRICANE_FL_2026,0.2982,-0.7,-0.14108,0.27076,0.29037,0.28527
2026-06-01T13:42:40+00:00,KX_BIRDFLU_US_2026,0.423,2.7,-0.6087,0.53424,0.46774,0.40217
2026-06-01T13:42:40+00:00,PM_HEATWAVE_EU_2026,0.3908,0.8,-0.65278,0.41555,0.40103,0.41319
2026-06-01T13:42:40+00:00,PM_HURRICANE_FL_2026,0.29975,-0.7,-0.20725,0.2714,0.29119,0.30181
2026-06-01T13:42:50+00:00,KX_BIRDFLU_US_2026,0.42435,2.7,-0.60714,0.53564,0.46907,0.40179
2026-06-01T13:42:50+00:00,PM_HEATWAVE_EU_2026,0.39295,0.8,0.46457,0.43496,0.40833,0.36614
2026-06-01T13:42:50+00:00,PM_HURRICANE_FL_2026,0.3043,-0.7,-0.49693,0.27206,0.29223,0.37423
2026-06-01T13:43:00+00:00,KX_BIRDFLU_US_2026,0.4306,2.7,0.15646,0.5539,0.46625,0.28912
2026-06-01T13:43:00+00:00,PM_HEATWAVE_EU_2026,0.39155,0.8,0.03256,0.42684,0.40066,0.25814
2026-06-01T13:43:00+00:00,PM_HURRICANE_FL_2026,0.3013,-0.7,-0.31783,0.27148,0.29147,0.32946
2026-06-01T13:43:10+00:00,KX_BIRDFLU_US_2026,0.42615,2.7,-0.09211,0.54553,0.45874,0.27303
2026-06-01T13:43:10+00:00,PM_HEATWAVE_EU_2026,0.391,0.8,-0.2092,0.42256,0.40054,0.3023
2026-06-01T13:43:10+00:00,PM_HURRICANE_FL_2026,0.30375,-0.7,-0.38947,0.27288,0.29303,0.34737
2026-06-01T13:43:20+00:00,KX_BIRDFLU_US_2026,0.4297,2.7,-0.20833,0.54731,0.46523,0.30208
2026-06-01T13:43:20+00:00,PM_HEATWAVE_EU_2026,0.39425,0.8,0.4375,0.43588,0.40921,0.35938
2026-06-01T13:43:20+00:00,PM_HURRICANE_FL_2026,0.3049,-0.7,-0.46875,0.27297,0.29318,0.36719
2026-06-01T13:43:30+00:00,KX_BIRDFLU_US_2026,0.43565,2.7,0.15989,0.55903,0.47143,0.28997
2026-06-01T13:43:30+00:00,PM_HEATWAVE_EU_2026,0.39565,0.8,0.62398,0.44021,0.41374,0.40599
2026-06-01T13:43:30+00:00,PM_HURRICANE_FL_2026,0.30665,-0.7,0.04132,0.28106,0.29999,0.26033
2026-06-01T13:43:40+00:00,KX_BIRDFLU_US_2026,0.4303,2.7,-0.50867,0.54322,0.47289,0.37717
2026-06-01T13:43:40+00:00,PM_HEATWAVE_EU_2026,0.39945,0.8,-0.31594,0.42956,0.40935,0.32899
2026-06-01T13:43:40+00:00,PM_HURRICANE_FL_2026,0.30485,-0.7,-0.09921,0.27757,0.29735,0.2748
2026-06-01T13:43:50+00:00,KX_BIRDFLU_US_2026,0.43095,2.7,0.03309,0.55233,0.4623,0.25827
2026-06-01T13:43:50+00:00,PM_HEATWAVE_EU_2026,0.4025,0.8,0.63707,0.44746,0.4209,0.40927
2026-06-01T13:43:50+00:00,PM_HURRICANE_FL_2026,0.30825,-0.7,-0.03876,0.28156,0.30132,0.25969
2026-06-01T13:44:00+00:00,KX_BIRDFLU_US_2026,0.43235,2.7,-0.34527,0.54785,0.47119,0.33632
2026-06-01T13:44:00+00:00,PM_HEATWAVE_EU_2026,0.39855,0.8,-0.26904,0.42936,0.40832,0.31726
2026-06-01T13:44:00+00:00,PM_HURRICANE_FL_2026,0.308,-0.7,0.0628,0.28261,0.30126,0.2657
2026-06-01T13:44:10+00:00,KX_BIRDFLU_US_2026,0.43435,2.7,0.28571,0.55968,0.47464,0.32143
2026-06-01T13:44:10+00:00,PM_HEATWAVE_EU_2026,0.4014,0.8,-0.78947,0.42424,0.41162,0.44737
2026-06-01T13:44:10+00:00,PM_HURRICANE_FL_2026,0.31025,-0.7,0.14141,0.28577,0.30326,0.28535
2026-06-01T13:44:20+00:00,KX_BIRDFLU_US_2026,0.43575,2.7,0.48889,0.56424,0.48358,0.37222
2026-06-01T13:44:20+00:00,PM_HEATWAVE_EU_2026,0.40475,0.8,-0.11111,0.43814,0.41403,0.27778
2026-06-01T13:44:20+00:00,PM_HURRICANE_FL_2026,0.30955,-0.7,0.13514,0.28502,0.30259,0.28378
2026-06-01T13:44:30+00:00,KX_BIRDFLU_US_2026,0.43575,2.7,-0.52973,0.5484,0.47883,0.38243
2026-06-01T13:44:30+00:00,PM_HEATWAVE_EU_2026,0.396,0.8,0.24855,0.43475,0.4081,0.31214
2026-06-01T13:44:30+00:00,PM_HURRICANE_FL_2026,0.31355,-0.7,0.00186,0.28711,0.30693,0.25047
2026-06-01T13:44:40+00:00,KX_BIRDFLU_US_2026,0.4364,2.7,0.35625,0.56283,0.47927,0.33906
2026-06-01T13:44:40+00:00,PM_HEATWAVE_EU_2026,0.3961,0.8,0.72441,0.44223,0.41599,0.4311
2026-06-01T13:44:40+00:00,PM_HURRICANE_FL_2026,0.31345,-0.7,-0.6391,0.27882,0.29926,0.40977
2026-06-01T13:44:50+00:00,KX_BIRDFLU_US_2026,0.43655,2.7,0.4,0.56366,0.48104,0.35
2026-06-01T13:44:50+00:00,PM_HEATWAVE_EU_2026,0.39415,0.8,0.13386,0.43107,0.40462,0.28346
2026-06-01T13:44:50+00:00,PM_HURRICANE_FL_2026,0.31315,-0.7,0.51402,0.29337,0.30566,0.3785
2026-06-01T13:45:00+00:00,KX_BIRDFLU_US_2026,0.44175,5.0,0.73333,0.67087,0.56395,0.53333
2026-06-01T13:45:00+00:00,PM_HEATWAVE_EU_2026,0.39225,1.58333,-0.1,0.46029,0.41777,0.375
2026-06-01T13:45:00+00:00,PM_HURRICANE_FL_2026,0.3165,2.33333,0.03276,0.41391,0.35139,0.35819
2026-06-01T13:45:10+00:00,KX_BIRDFLU_US_2026,0.44695,5.0,0.02247,0.66561,0.52471,0.35562
2026-06-01T13:45:10+00:00,PM_HEATWAVE_EU_2026,0.39155,1.58333,0.2823,0.46555,0.42267,0.42057
2026-06-01T13:45:10+00:00,PM_HURRICANE_FL_2026,0.3144,2.33333,0.17155,0.41367,0.3534,0.39289
2026-06-01T13:45:20+00:00,KX_BIRDFLU_US_2026,0.44485,5.0,0.19474,0.66614,0.53307,0.39868
2026-06-01T13:45:20+00:00,PM_HEATWAVE_EU_2026,0.3881,1.58333,-0.04668,0.4568,0.41295,0.36167
2026-06-01T13:45:20+00:00,PM_HURRICANE_FL_2026,0.31445,2.33333,-0.11597,0.40934,0.35041,0.37899
2026-06-01T13:45:30+00:00,KX_BIRDFLU_US_2026,0.4468,5.0,-0.39007,0.65967,0.54206,0.44752
2026-06-01T13:45:30+00:00,PM_HEATWAVE_EU_2026,0.3888,1.58333,0.8009,0.47081,0.43392,0.55023
2026-06-01T13:45:30+00:00,PM_HURRICANE_FL_2026,0.31225,2.33333,-0.52229,0.40071,0.35476,0.48057
2026-06-01T13:45:40+00:00,KX_BIRDFLU_US_2026,0.44875,5.0,0.34769,0.67177,0.54619,0.43692
2026-06-01T13:45:40+00:00,PM_HEATWAVE_EU_2026,0.38975,1.58333,-0.36471,0.45355,0.4179,0.44118
2026-06-01T13:45:40+00:00,PM_HURRICANE_FL_2026,0.3086,2.33333,0.10294,0.40608,0.34523,0.37574
2026-06-01T13:45:50+00:00,KX_BIRDFLU_US_2026,0.44615,5.0,-0.03125,0.66414,0.52415,0.35781
2026-06-01T13:45:50+00:00,PM_HEATWAVE_EU_2026,0.3862,1.58333,-0.57527,0.44657,0.41601,0.49382
2026-06-01T13:45:50+00:00,PM_HURRICANE_FL_2026,0.311,2.33333,0.07113,0.40831,0.34679,0.36778
2026-06-01T13:46:00+00:00,KX_BIRDFLU_US_2026,0.4452,5.0,0.32754,0.66831,0.54156,0.43188
2026-06-01T13:46:00+00:00,PM_HEATWAVE_EU_2026,0.3903,1.58333,-0.74803,0.44814,0.42136,0.53701
2026-06-01T13:46:00+00:00,PM_HURRICANE_FL_2026,0.3081,2.33333,-0.14103,0.40182,0.3442,0.38526
2026-06-01T13:46:10+00:00,KX_BIRDFLU_US_2026,0.4434,5.0,-0.12393,0.66034,0.52605,0.38098
2026-06-01T13:46:10+00:00,PM_HEATWAVE_EU_2026,0.39265,1.58333,0.69677,0.4732,0.43488,0.52419
2026-06-01T13:46:10+00:00,PM_HURRICANE_FL_2026,0.3046,2.33333,0.24088,0.40364,0.34523,0.41022
2026-06-01T13:46:20+00:00,KX_BIRDFLU_US_2026,0.4418,5.0,-0.03659,0.66012,0.52021,0.35915
2026-06-01T13:46:20+00:00,PM_HEATWAVE_EU_2026,0.39075,1.58333,0.14465,0.46256,0.41848,0.38616
2026-06-01T13:46:20+00:00,PM_HURRICANE_FL_2026,0.3061,2.33333,0.83764,0.41444,0.36671,0.55941
2026-06-01T13:46:30+00:00,KX_BIRDFLU_US_2026,0.4415,5.0,0.18275,0.66294,0.52912,0.39569
2026-06-01T13:46:30+00:00,PM_HEATWAVE_EU_2026,0.3926,1.58333,0.12787,0.46423,0.41996,0.38197
2026-06-01T13:46:30+00:00,PM_HURRICANE_FL_2026,0.30435,2.33333,0.31754,0.40452,0.34736,0.42938
2026-06-01T13:46:40+00:00,KX_BIRDFLU_US_2026,0.4389,5.0,0.62332,0.66678,0.55417,0.50583
2026-06-01T13:46:40+00:00,PM_HEATWAVE_EU_2026,0.39255,1.58333,-0.0873,0.4608,0.41793,0.37183
2026-06-01T13:46:40+00:00,PM_HURRICANE_FL_2026,0.30005,2.33333,0.01124,0.395,0.33355,0.35281
2026-06-01T13:46:50+00:00,KX_BIRDFLU_US_2026,0.4414,5.0,0.13717,0.66221,0.52626,0.38429
2026-06-01T13:46:50+00:00,PM_HEATWAVE_EU_2026,0.3929,1.58333,0.51768,0.47065,0.43018,0.47942
2026-06-01T13:46:50+00:00,PM_HURRICANE_FL_2026,0.2952,2.33333,-0.76623,0.37789,0.33998,0.54156
2026-06-01T13:47:00+00:00,KX_BIRDFLU_US_2026,0.4402,5.0,-0.36,0.65407,0.5343,0.44
2026-06-01T13:47:00+00:00,PM_HEATWAVE_EU_2026,0.3875,1.58333,-0.59524,0.44761,0.41748,0.49881
2026-06-01T13:47:00+00:00,PM_HURRICANE_FL_2026,0.29145,2.33333,-0.67114,0.37504,0.33473,0.51779
2026-06-01T13:47:10+00:00,KX_BIRDFLU_US_2026,0.439,5.0,0.25581,0.6617,0.53119,0.41395
2026-06-01T13:47:10+00:00,PM_HEATWAVE_EU_2026,0.39005,1.58333,-0.80165,0.44705,0.42142,0.55041
2026-06-01T13:47:10+00:00,PM_HURRICANE_FL_2026,0.29375,2.33333,0.29444,0.39205,0.33539,0.42361
2026-06-01T13:47:20+00:00,KX_BIRDFLU_US_2026,0.43885,5.0,-0.08696,0.65672,0.51984,0.37174
2026-06-01T13:47:20+00:00,PM_HEATWAVE_EU_2026,0.3888,1.58333,-0.69427,0.44742,0.41949,0.52357
2026-06-01T13:47:20+00:00,PM_HURRICANE_FL_2026,0.29945,2.33333,0.61538,0.40344,0.35185,0.50385
2026-06-01T13:47:30+00:00,KX_BIRDFLU_US_2026,0.43745,5.0,-0.10891,0.65512,0.51956,0.37723
2026-06-01T13:47:30+00:00,PM_HEATWAVE_EU_2026,0.38965,1.58333,-0.15038,0.45679,0.41567,0.38759
2026-06-01T13:47:30+00:00,PM_HURRICANE_FL_2026,0.3003,2.33333,-0.11169,0.39343,0.3355,0.37792
2026-06-01T13:47:40+00:00,KX_BIRDFLU_US_2026,0.43645,5.0,0.22273,0.65891,0.5267,0.40568
2026-06-01T13:47:40+00:00,PM_HEATWAVE_EU_2026,0.386,1.58333,0.24138,0.4591,0.416,0.41034
2026-06-01T13:47:40+00:00,PM_HURRICANE_FL_2026,0.29935,2.33333,-0.81743,0.38181,0.34506,0.55436
2026-06-01T13:47:50+00:00,KX_BIRDFLU_US_2026,0.43075,5.0,-0.07066,0.64948,0.51117,0.36767
2026-06-01T13:47:50+00:00,PM_HEATWAVE_EU_2026,0.3838,1.58333,-0.79505,0.44065,0.415,0.54876
2026-06-01T13:47:50+00:00,PM_HURRICANE_FL_2026,0.30125,2.33333,-0.09552,0.39475,0.33621,0.37388
2026-06-01T13:48:00+00:00,KX_BIRDFLU_US_2026,0.43205,5.0,0.59504,0.66016,0.54582,0.49876
2026-06-01T13:48:00+00:00,PM_HEATWAVE_EU_2026,0.3897,1.58333,-0.12261,0.45728,0.41542,0.38065
2026-06-01T13:48:00+00:00,PM_HURRICANE_FL_2026,0.30185,2.33333,-0.47757,0.3897,0.34308,0.46939
2026-06-01T13:48:10+00:00,KX_BIRDFLU_US_2026,0.4338,5.0,0.58252,0.66158,0.54669,0.49563
2026-06-01T13:48:10+00:00,PM_HEATWAVE_EU_2026,0.3892,1.58333,-0.31561,0.45374,0.41688,0.4289
2026-06-01T13:48:10+00:00,PM_HURRICANE_FL_2026,0.30495,2.33333,0.17797,0.40309,0.34366,0.39449
2026-06-01T13:48:20+00:00,KX_BIRDFLU_US_2026,0.44115,5.0,0.15421,0.66222,0.52705,0.38855
2026-06-01T13:48:20+00:00,PM_HEATWAVE_EU_2026,0.39,1.58333,0.02564,0.45991,0.41492,0.35641
2026-06-01T13:48:20+00:00,PM_HURRICANE_FL_2026,0.30795,2.33333,0.30864,0.40847,0.35089,0.42716
2026-06-01T13:48:30+00:00,KX_BIRDFLU_US_2026,0.44615,5.0,-0.28603,0.66055,0.53652,0.42151
2026-06-01T13:48:30+00:00,PM_HEATWAVE_EU_2026,0.3893,1.58333,-0.04421,0.45809,0.41414,0.36105
2026-06-01T13:48:30+00:00,PM_HURRICANE_FL_2026,0.3089,2.33333,0.0,0.40486,0.34249,0.35
2026-06-01T13:48:40+00:00,KX_BIRDFLU_US_2026,0.44665,5.0,-0.27273,0.66119,0.53637,0.41818
2026-06-01T13:48:40+00:00,PM_HEATWAVE_EU_2026,0.3853,1.58333,-0.46667,0.44732,0.41424,0.46667
2026-06-01T13:48:40+00:00,PM_HURRICANE_FL_2026,0.30915,2.33333,-0.44337,0.39843,0.35029,0.46084
2026-06-01T13:48:50+00:00,KX_BIRDFLU_US_2026,0.4418,5.0,0.38298,0.66603,0.54175,0.44574
2026-06-01T13:48:50+00:00,PM_HEATWAVE_EU_2026,0.38555,1.58333,0.48521,0.46245,0.42179,0.4713
2026-06-01T13:48:50+00:00,PM_HURRICANE_FL_2026,0.3089,2.33333,-0.39655,0.39885,0.3493,0.44914
2026-06-01T13:49:00+00:00,KX_BIRDFLU_US_2026,0.439,5.0,0.29412,0.66224,0.53355,0.42353
2026-06-01T13:49:00+00:00,PM_HEATWAVE_EU_2026,0.38435,1.58333,-0.31455,0.4487,0.41193,0.42864
2026-06-01T13:49:00+00:00,PM_HURRICANE_FL_2026,0.3018,2.33333,0.32235,0.40169,0.34481,0.43059
2026-06-01T13:49:10+00:00,KX_BIRDFLU_US_2026,0.43485,5.0,0.19342,0.65703,0.52336,0.39835
2026-06-01T13:49:10+00:00,PM_HEATWAVE_EU_2026,0.3876,1.58333,-0.55836,0.44829,0.41731,0.48959
2026-06-01T13:49:10+00:00,PM_HURRICANE_FL_2026,0.3013,2.33333,0.02584,0.39664,0.33528,0.35646
2026-06-01T13:49:20+00:00,KX_BIRDFLU_US_2026,0.4295,5.0,0.06054,0.6502,0.51009,0.36514
2026-06-01T13:49:20+00:00,PM_HEATWAVE_EU_2026,0.3837,1.58333,0.0603,0.45386,0.40931,0.36508
2026-06-01T13:49:20+00:00,PM_HURRICANE_FL_2026,0.3017,2.33333,-0.27549,0.39256,0.33976,0.41887
2026-06-01T13:49:30+00:00,KX_BIRDFLU_US_2026,0.43265,5.0,-0.01235,0.65208,0.51013,0.35309
2026-06-01T13:49:30+00:00,PM_HEATWAVE_EU_2026,0.38135,1.58333,0.66879,0.46091,0.4225,0.5172
2026-06-01T13:49:30+00:00,PM_HURRICANE_FL_2026,0.30665,2.33333,-0.34021,0.39717,0.34603,0.43505
2026-06-01T13:49:40+00:00,KX_BIRDFLU_US_2026,0.43185,5.0,-0.31788,0.64695,0.52423,0.42947
2026-06-01T13:49:40+00:00,PM_HEATWAVE_EU_2026,0.38775,1.58333,0.31965,0.46216,0.41974,0.42991
2026-06-01T13:49:40+00:00,PM_HURRICANE_FL_2026,0.29925,2.33333,0.03743,0.39448,0.33347,0.35936
2026-06-01T13:49:50+00:00,KX_BIRDFLU_US_2026,0.4311,5.0,-0.03838,0.65027,0.50991,0.3596
2026-06-01T13:49:50+00:00,PM_HEATWAVE_EU_2026,0.38795,1.58333,0.33784,0.46266,0.42041,0.43446
2026-06-01T13:49:50+00:00,PM_HURRICANE_FL_2026,0.3005,2.33333,0.00461,0.39541,0.33383,0.35115
2026-06-01T13:50:00+00:00,KX_BIRDFLU_US_2026,0.42965,5.0,-0.07661,0.64837,0.51039,0.36915
2026-06-01T13:50:00+00:00,PM_HEATWAVE_EU_2026,0.3899,1.58333,-0.67359,0.44889,0.42048,0.5184
2026-06-01T13:50:00+00:00,PM_HURRICANE_FL_2026,0.3009,2.33333,0.41294,0.40203,0.34674,0.45323
2026-06-01T13:50:10+00:00,KX_BIRDFLU_US_2026,0.4259,5.0,0.16393,0.64834,0.51287,0.39098
2026-06-01T13:50:10+00:00,PM_HEATWAVE_EU_2026,0.38835,1.58333,0.78723,0.47012,0.43306,0.54681
2026-06-01T13:50:10+00:00,PM_HURRICANE_FL_2026,0.30095,2.33333,0.09091,0.39722,0.33683,0.37273
2026-06-01T13:50:20+00:00,KX_BIRDFLU_US_2026,0.43055,5.0,0.15077,0.65246,0.51658,0.38769
2026-06-01T13:50:20+00:00,PM_HEATWAVE_EU_2026,0.38425,1.58333,-0.05626,0.45262,0.40914,0.36407
2026-06-01T13:50:20+00:00,PM_HURRICANE_FL_2026,0.2991,2.33333,-0.06299,0.3928,0.33337,0.36575
2026-06-01T13:50:30+00:00,KX_BIRDFLU_US_2026,0.42855,5.0,-0.58511,0.64,0.53349,0.49628
2026-06-01T13:50:30+00:00,PM_HEATWAVE_EU_2026,0.38795,1.58333,0.46471,0.46464,0.4237,0.46618
2026-06-01T13:50:30+00:00,PM_HURRICANE_FL_2026,0.29855,2.33333,-0.13253,0.39113,0.33402,0.38313
2026-06-01T13:50:40+00:00,KX_BIRDFLU_US_2026,0.43185,5.0,0.52778,0.65902,0.54133,0.48194
2026-06-01T13:50:40+00:00,PM_HEATWAVE_EU_2026,0.3862,1.58333,0.15942,0.45803,0.4142,0.38986
2026-06-01T13:50:40+00:00,PM_HURRICANE_FL_2026,0.29655,2.33333,0.53103,0.39883,0.34593,0.48276
2026-06-01T13:50:50+00:00,KX_BIRDFLU_US_2026,0.4393,5.0,-0.18182,0.65578,0.52491,0.39545
2026-06-01T13:50:50+00:00,PM_HEATWAVE_EU_2026,0.38235,1.58333,0.29759,0.45615,0.41367,0.4244
2026-06-01T13:50:50+00:00,PM_HURRICANE_FL_2026,0.29365,2.33333,0.6729,0.39763,0.34754,0.51822
2026-06-01T13:51:00+00:00,KX_BIRDFLU_US_2026,0.44015,5.0,0.55738,0.66698,0.55115,0.48934
2026-06-01T13:51:00+00:00,PM_HEATWAVE_EU_2026,0.381,1.58333,0.3578,0.45568,0.41382,0.43945
2026-06-01T13:51:00+00:00,PM_HURRICANE_FL_2026,0.29105,2.33333,-0.24088,0.38096,0.32793,0.41022
2026-06-01T13:51:10+00:00,KX_BIRDFLU_US_2026,0.4407,5.0,0.55911,0.6675,0.55178,0.48978
2026-06-01T13:51:10+00:00,PM_HEATWAVE_EU_2026,0.38285,1.58333,0.28571,0.45649,0.41389,0.42143
2026-06-01T13:51:10+00:00,PM_HURRICANE_FL_2026,0.29015,2.33333,-0.13407,0.38152,0.32519,0.38352
2026-06-01T13:51:20+00:00,KX_BIRDFLU_US_2026,0.44375,5.0,-0.25373,0.65882,0.53267,0.41343
2026-06-01T13:51:20+00:00,PM_HEATWAVE_EU_2026,0.379,1.58333,0.79567,0.46042,0.42369,0.54892
2026-06-01T13:51:20+00:00,PM_HURRICANE_FL_2026,0.2912,2.33333,-0.82178,0.37254,0.33638,0.55545
2026-06-01T13:51:30+00:00,KX_BIRDFLU_US_2026,0.44605,5.0,0.12355,0.66622,0.52991,0.38089
2026-06-01T13:51:30+00:00,PM_HEATWAVE_EU_2026,0.37975,1.58333,-0.22381,0.44529,0.40636,0.40595
2026-06-01T13:51:30+00:00,PM_HURRICANE_FL_2026,0.29265,2.33333,0.12033,0.38818,0.32896,0.38008
2026-06-01T13:51:40+00:00,KX_BIRDFLU_US_2026,0.4466,5.0,-0.07692,0.6639,0.52683,0.36923
2026-06-01T13:51:40+00:00,PM_HEATWAVE_EU_2026,0.3809,1.58333,0.63529,0.45991,0.4211,0.50882
2026-06-01T13:51:40+00:00,PM_HURRICANE_FL_2026,0.29255,2.33333,-0.46556,0.37934,0.33303,0.46639
2026-06-01T13:51:50+00:00,KX_BIRDFLU_US_2026,0.4506,3.3,0.34545,0.60289,0.50182,0.33636
2026-06-01T13:51:50+00:00,PM_HEATWAVE_EU_2026,0.38,1.1,-0.05882,0.42672,0.39237,0.26471
2026-06-01T13:51:50+00:00,PM_HURRICANE_FL_2026,0.2933,3.5,0.00901,0.43811,0.32983,0.25225
2026-06-01T13:52:00+00:00,KX_BIRDFLU_US_2026,0.45225,3.3,0.00583,0.59936,0.48924,0.25146
2026-06-01T13:52:00+00:00,PM_HEATWAVE_EU_2026,0.38065,1.1,-0.38798,0.42233,0.39511,0.34699
2026-06-01T13:52:00+00:00,PM_HURRICANE_FL_2026,0.2911,3.5,0.51773,0.44339,0.34888,0.37943
2026-06-01T13:52:10+00:00,KX_BIRDFLU_US_2026,0.44905,3.3,-0.14692,0.59393,0.49059,0.28673
2026-06-01T13:52:10+00:00,PM_HEATWAVE_EU_2026,0.3782,1.1,0.58702,0.43482,0.40066,0.39676
2026-06-01T13:52:10+00:00,PM_HURRICANE_FL_2026,0.2864,3.5,0.653,0.43984,0.34981,0.41325
2026-06-01T13:52:20+00:00,KX_BIRDFLU_US_2026,0.44845,3.3,-0.63713,0.58587,0.50469,0.40928
2026-06-01T13:52:20+00:00,PM_HEATWAVE_EU_2026,0.3781,1.1,0.53913,0.43397,0.3996,0.38478
2026-06-01T13:52:20+00:00,PM_HURRICANE_FL_2026,0.2901,3.5,0.31365,0.43902,0.33901,0.32841
2026-06-01T13:52:30+00:00,KX_BIRDFLU_US_2026,0.4466,3.3,0.17073,0.59636,0.49043,0.29268
2026-06-01T13:52:30+00:00,PM_HEATWAVE_EU_2026,0.3759,1.1,0.16667,0.42593,0.39049,0.29167
2026-06-01T13:52:30+00:00,PM_HURRICANE_FL_2026,0.28725,3.5,0.02614,0.43116,0.32417,0.25654
2026-06-01T13:52:40+00:00,KX_BIRDFLU_US_2026,0.4511,3.3,0.22467,0.60155,0.49716,0.30617
2026-06-01T13:52:40+00:00,PM_HEATWAVE_EU_2026,0.38115,1.1,-0.51111,0.42095,0.39619,0.37778
2026-06-01T13:52:40+00:00,PM_HURRICANE_FL_2026,0.288,3.5,-0.49112,0.42408,0.33873,0.37278
2026-06-01T13:52:50+00:00,KX_BIRDFLU_US_2026,0.45185,3.3,0.14578,0.60108,0.4946,0.28645
2026-06-01T13:52:50+00:00,PM_HEATWAVE_EU_2026,0.3845,1.1,-0.14685,0.43003,0.39755,0.28671
2026-06-01T13:52:50+00:00,PM_HURRICANE_FL_2026,0.2873,3.5,-0.74051,0.41941,0.34479,0.43513
2026-06-01T13:53:00+00:00,KX_BIRDFLU_US_2026,0.4479,3.3,-0.25792,0.59112,0.49294,0.31448
2026-06-01T13:53:00+00:00,PM_HEATWAVE_EU_2026,0.38645,1.1,-0.17419,0.43162,0.39971,0.29355
2026-06-01T13:53:00+00:00,PM_HURRICANE_FL_2026,0.28835,3.5,0.07331,0.4332,0.32722,0.26833
2026-06-01T13:53:10+00:00,KX_BIRDFLU_US_2026,0.45085,3.3,0.30682,0.60255,0.50041,0.3267
2026-06-01T13:53:10+00:00,PM_HEATWAVE_EU_2026,0.38645,1.1,-0.46207,0.42718,0.40134,0.36552
2026-06-01T13:53:10+00:00,PM_HURRICANE_FL_2026,0.28545,3.5,0.19167,0.43155,0.32898,0.29792
2026-06-01T13:53:20+00:00,KX_BIRDFLU_US_2026,0.4529,3.3,0.26744,0.60394,0.50076,0.31686
2026-06-01T13:53:20+00:00,PM_HEATWAVE_EU_2026,0.3816,1.1,-0.65497,0.41921,0.39716,0.41374
2026-06-01T13:53:20+00:00,PM_HURRICANE_FL_2026,0.28685,3.5,-0.79851,0.41799,0.34581,0.44963
2026-06-01T13:53:30+00:00,KX_BIRDFLU_US_2026,0.4513,3.3,-0.82222,0.58584,0.51259,0.45556
2026-06-01T13:53:30+00:00,PM_HEATWAVE_EU_2026,0.386,1.1,-0.45161,0.42688,0.40083,0.3629
2026-06-01T13:53:30+00:00,PM_HURRICANE_FL_2026,0.28955,3.5,-0.5493,0.42503,0.34202,0.38732
2026-06-01T13:53:40+00:00,KX_BIRDFLU_US_2026,0.44685,3.3,-0.75104,0.58256,0.50626,0.43776
2026-06-01T13:53:40+00:00,PM_HEATWAVE_EU_2026,0.3865,1.1,0.46927,0.44165,0.40676,0.36732
2026-06-01T13:53:40+00:00,PM_HURRICANE_FL_2026,0.2876,3.5,0.04854,0.43192,0.32543,0.26214
2026-06-01T13:53:50+00:00,KX_BIRDFLU_US_2026,0.44545,3.3,0.1401,0.59478,0.48801,0.28502
2026-06-01T13:53:50+00:00,PM_HEATWAVE_EU_2026,0.38635,1.1,0.125,0.43615,0.40036,0.28125
2026-06-01T13:53:50+00:00,PM_HURRICANE_FL_2026,0.28695,3.5,0.16949,0.43301,0.32966,0.29237
2026-06-01T13:54:00+00:00,KX_BIRDFLU_US_2026,0.4431,3.3,-0.64246,0.58053,0.49953,0.41061
2026-06-01T13:54:00+00:00,PM_HEATWAVE_EU_2026,0.38265,1.1,0.06989,0.43146,0.3957,0.26747
2026-06-01T13:54:00+00:00,PM_HURRICANE_FL_2026,0.2832,3.5,-0.34165,0.42064,0.3293,0.33541
2026-06-01T13:54:10+00:00,KX_BIRDFLU_US_2026,0.4414,3.3,-0.32418,0.58373,0.48852,0.33104
2026-06-01T13:54:10+00:00,PM_HEATWAVE_EU_2026,0.3841,1.1,0.52558,0.44002,0.40543,0.3814
2026-06-01T13:54:10+00:00,PM_HURRICANE_FL_2026,0.2848,3.5,-0.08,0.42658,0.32308,0.27
2026-06-01T13:54:20+00:00,KX_BIRDFLU_US_2026,0.44005,3.3,0.41889,0.59374,0.49457,0.35472
2026-06-01T13:54:20+00:00,PM_HEATWAVE_EU_2026,0.3866,1.1,-0.01081,0.43431,0.39866,0.2527
2026-06-01T13:54:20+00:00,PM_HURRICANE_FL_2026,0.28345,3.5,-0.24355,0.42244,0.32666,0.31089
2026-06-01T13:54:30+00:00,KX_BIRDFLU_US_2026,0.44055,3.3,-0.08475,0.58655,0.48014,0.27119
2026-06-01T13:54:30+00:00,PM_HEATWAVE_EU_2026,0.39125,1.1,-0.36066,0.4337,0.40569,0.34016
2026-06-01T13:54:30+00:00,PM_HURRICANE_FL_2026,0.28855,3.5,0.47236,0.43963,0.34416,0.36809
2026-06-01T13:54:40+00:00,KX_BIRDFLU_US_2026,0.4416,3.3,-0.56886,0.58017,0.49595,0.39222
2026-06-01T13:54:40+00:00,PM_HEATWAVE_EU_2026,0.39005,1.1,-0.66942,0.42769,0.40576,0.41736
2026-06-01T13:54:40+00:00,PM_HURRICANE_FL_2026,0.2882,3.5,-0.13878,0.42975,0.3285,0.28469
2026-06-01T13:54:50+00:00,KX_BIRDFLU_US_2026,0.44255,3.3,0.52941,0.59785,0.50193,0.38235
2026-06-01T13:54:50+00:00,PM_HEATWAVE_EU_2026,0.3971,1.1,0.50751,0.45324,0.41826,0.37688
2026-06-01T13:54:50+00:00,PM_HURRICANE_FL_2026,0.28855,3.5,0.38608,0.43829,0.34044,0.34652
2026-06-01T13:55:00+00:00,KX_BIRDFLU_US_2026,0.44275,3.3,-0.21846,0.58667,0.48659,0.30462
2026-06-01T13:55:00+00:00,PM_HEATWAVE_EU_2026,0.39695,1.1,0.42541,0.4518,0.4165,0.35635
2026-06-01T13:55:00+00:00,PM_HURRICANE_FL_2026,0.2959,3.5,-0.49508,0.43338,0.34728,0.37377
2026-06-01T13:55:10+00:00,KX_BIRDFLU_US_2026,0.43825,3.3,-0.22302,0.58217,0.48225,0.30576
2026-06-01T13:55:10+00:00,PM_HEATWAVE_EU_2026,0.3995,1.1,0.00775,0.44792,0.4117,0.25194
2026-06-01T13:55:10+00:00,PM_HURRICANE_FL_2026,0.299,3.5,-0.09818,0.44318,0.33859,0.27455
2026-06-01T13:55:20+00:00,KX_BIRDFLU_US_2026,0.43535,3.3,-0.0529,0.58191,0.47393,0.26322
2026-06-01T13:55:20+00:00,PM_HEATWAVE_EU_2026,0.39625,1.1,0.37226,0.45025,0.41478,0.34307
2026-06-01T13:55:20+00:00,PM_HURRICANE_FL_2026,0.29805,3.5,0.18301,0.44644,0.34194,0.29575
2026-06-01T13:55:30+00:00,KX_BIRDFLU_US_2026,0.43495,3.3,-0.14851,0.58005,0.47661,0.28713
2026-06-01T13:55:30+00:00,PM_HEATWAVE_EU_2026,0.39465,1.1,-0.05757,0.4419,0.40714,0.26439
2026-06-01T13:55:30+00:00,PM_HURRICANE_FL_2026,0.2957,3.5,-0.70874,0.42984,0.353,0.42718
2026-06-01T13:55:40+00:00,KX_BIRDFLU_US_2026,0.4315,3.3,-0.41066,0.57258,0.48125,0.35266
2026-06-01T13:55:40+00:00,PM_HEATWAVE_EU_2026,0.397,1.1,0.16456,0.44779,0.41179,0.29114
2026-06-01T13:55:40+00:00,PM_HURRICANE_FL_2026,0.29575,3.5,-0.69338,0.43013,0.35264,0.42334
2026-06-01T13:55:50+00:00,KX_BIRDFLU_US_2026,0.4342,3.3,-0.08108,0.58034,0.4737,0.27027
2026-06-01T13:55:50+00:00,PM_HEATWAVE_EU_2026,0.3917,1.1,0.73214,0.45114,0.41744,0.43304
2026-06-01T13:55:50+00:00,PM_HURRICANE_FL_2026,0.2943,3.5,0.67097,0.44959,0.35917,0.41774
2026-06-01T13:56:00+00:00,KX_BIRDFLU_US_2026,0.43185,3.3,-0.50711,0.57144,0.48445,0.37678
2026-06-01T13:56:00+00:00,PM_HEATWAVE_EU_2026,0.38915,1.1,-0.59885,0.42785,0.40462,0.39971
2026-06-01T13:56:00+00:00,PM_HURRICANE_FL_2026,0.29575,3.5,0.00437,0.44094,0.33221,0.25109
2026-06-01T13:56:10+00:00,KX_BIRDFLU_US_2026,0.42755,3.3,-0.46402,0.56781,0.47889,0.366
2026-06-01T13:56:10+00:00,PM_HEATWAVE_EU_2026,0.3852,1.1,0.67089,0.44343,0.40952,0.41772
2026-06-01T13:56:10+00:00,PM_HURRICANE_FL_2026,0.29195,3.5,-0.67723,0.4259,0.34812,0.41931
2026-06-01T13:56:20+00:00,KX_BIRDFLU_US_2026,0.42325,3.3,-0.40099,0.56446,0.47271,0.35025
2026-06-01T13:56:20+00:00,PM_HEATWAVE_EU_2026,0.3824,1.1,0.53333,0.43837,0.40386,0.38333
2026-06-01T13:56:20+00:00,PM_HURRICANE_FL_2026,0.2928,3.5,0.42017,0.4439,0.34645,0.35504
2026-06-01T13:56:30+00:00,KX_BIRDFLU_US_2026,0.4272,3.3,0.5,0.5823,0.48536,0.375
2026-06-01T13:56:30+00:00,PM_HEATWAVE_EU_2026,0.3826,1.1,0.50201,0.43809,0.40344,0.3755
2026-06-01T13:56:30+00:00,PM_HURRICANE_FL_2026,0.2942,3.5,0.41053,0.44542,0.34752,0.35263
2026-06-01T13:56:40+00:00,KX_BIRDFLU_US_2026,0.42695,5.0,0.53425,0.65461,0.53704,0.48356
2026-06-01T13:56:40+00:00,PM_HEATWAVE_EU_2026,0.3803,1.58333,-0.71875,0.43818,0.41096,0.52969
2026-06-01T13:56:40+00:00,PM_HURRICANE_FL_2026,0.291,2.33333,-0.00173,0.38446,0.32375,0.35043
2026-06-01T13:56:50+00:00,KX_BIRDFLU_US_2026,0.42095,5.0,0.64407,0.65061,0.53831,0.51102
2026-06-01T13:56:50+00:00,PM_HEATWAVE_EU_2026,0.3829,1.58333,0.64407,0.46215,0.4234,0.51102
2026-06-01T13:56:50+00:00,PM_HURRICANE_FL_2026,0.2895,2.33333,-0.17143,0.38022,0.32514,0.39286
2026-06-01T13:57:00+00:00,KX_BIRDFLU_US_2026,0.4208,5.0,-0.0315,0.64073,0.49951,0.35787
2026-06-01T13:57:00+00:00,PM_HEATWAVE_EU_2026,0.38095,1.58333,0.41317,0.45649,0.41519,0.45329
2026-06-01T13:57:00+00:00,PM_HURRICANE_FL_2026,0.29025,2.33333,0.23618,0.38715,0.32989,0.40905
2026-06-01T13:57:10+00:00,KX_BIRDFLU_US_2026,0.42585,5.0,0.04373,0.64656,0.50551,0.36093
2026-06-01T13:57:10+00:00,PM_HEATWAVE_EU_2026,0.3786,1.58333,0.23671,0.45126,0.40833,0.40918
2026-06-01T13:57:10+00:00,PM_HURRICANE_FL_2026,0.28965,2.33333,-0.29846,0.37851,0.32738,0.42462
2026-06-01T13:57:20+00:00,KX_BIRDFLU_US_2026,0.4202,5.0,-0.06818,0.63963,0.50074,0.36705
2026-06-01T13:57:20+00:00,PM_HEATWAVE_EU_2026,0.3783,1.58333,-0.09763,0.44573,0.40355,0.37441
2026-06-01T13:57:20+00:00,PM_HURRICANE_FL_2026,0.28755,2.33333,0.20339,0.38355,0.32603,0.40085
2026-06-01T13:57:30+00:00,KX_BIRDFLU_US_2026,0.4168,5.0,0.61017,0.64623,0.5321,0.50254
2026-06-01T13:57:30+00:00,PM_HEATWAVE_EU_2026,0.37755,1.58333,-0.44167,0.4396,0.40612,0.46042
2026-06-01T13:57:30+00:00,PM_HURRICANE_FL_2026,0.28845,2.33333,-0.01099,0.3814,0.32124,0.35275
2026-06-01T13:57:40+00:00,KX_BIRDFLU_US_2026,0.4163,5.0,0.08167,0.63811,0.49846,0.37042
2026-06-01T13:57:40+00:00,PM_HEATWAVE_EU_2026,0.37905,1.58333,-0.61481,0.43848,0.40899,0.5037
2026-06-01T13:57:40+00:00,PM_HURRICANE_FL_2026,0.29315,2.33333,0.13575,0.38898,0.32994,0.38394
2026-06-01T13:57:50+00:00,KX_BIRDFLU_US_2026,0.41415,5.0,-0.20095,0.63193,0.50131,0.40024
2026-06-01T13:57:50+00:00,PM_HEATWAVE_EU_2026,0.37715,1.58333,-0.03125,0.44556,0.40163,0.35781
2026-06-01T13:57:50+00:00,PM_HURRICANE_FL_2026,0.2934,2.33333,-0.43083,0.38082,0.33341,0.45771
2026-06-01T13:58:00+00:00,KX_BIRDFLU_US_2026,0.4136,5.0,0.23887,0.63783,0.50547,0.40972
2026-06-01T13:58:00+00:00,PM_HEATWAVE_EU_2026,0.3769,1.58333,0.51622,0.45383,0.41375,0.47906
2026-06-01T13:58:00+00:00,PM_HURRICANE_FL_2026,0.2954,2.33333,0.23218,0.39301,0.33523,0.40805
2026-06-01T13:58:10+00:00,KX_BIRDFLU_US_2026,0.41475,5.0,0.39259,0.64115,0.51621,0.44815
2026-06-01T13:58:10+00:00,PM_HEATWAVE_EU_2026,0.3733,1.58333,-0.06977,0.44091,0.39814,0.36744
2026-06-01T13:58:10+00:00,PM_HURRICANE_FL_2026,0.29765,2.33333,0.71429,0.40287,0.35327,0.52857
2026-06-01T13:58:20+00:00,KX_BIRDFLU_US_2026,0.4162,5.0,-0.53265,0.62903,0.51903,0.48316
2026-06-01T13:58:20+00:00,PM_HEATWAVE_EU_2026,0.3698,1.58333,-0.12215,0.4364,0.39515,0.38054
2026-06-01T13:58:20+00:00,PM_HURRICANE_FL_2026,0.29805,2.33333,0.42138,0.3989,0.34397,0.45535
2026-06-01T13:58:30+00:00,KX_BIRDFLU_US_2026,0.4126,5.0,0.42446,0.63957,0.51613,0.45612
2026-06-01T13:58:30+00:00,PM_HEATWAVE_EU_2026,0.3708,1.58333,0.17365,0.44205,0.39883,0.39341
2026-06-01T13:58:30+00:00,PM_HURRICANE_FL_2026,0.3019,2.33333,0.13228,0.39893,0.33907,0.38307
2026-06-01T13:58:40+00:00,KX_BIRDFLU_US_2026,0.41335,5.0,0.46218,0.64083,0.51925,0.46555
2026-06-01T13:58:40+00:00,PM_HEATWAVE_EU_2026,0.37015,1.58333,-0.33617,0.43346,0.39763,0.43404
2026-06-01T13:58:40+00:00,PM_HURRICANE_FL_2026,0.3013,2.33333,0.09294,0.39765,0.33726,0.37323
2026-06-01T13:58:50+00:00,KX_BIRDFLU_US_2026,0.41585,5.0,0.63636,0.64572,0.53287,0.50909
2026-06-01T13:58:50+00:00,PM_HEATWAVE_EU_2026,0.3668,1.58333,-0.33155,0.43,0.39416,0.43289
2026-06-01T13:58:50+00:00,PM_HURRICANE_FL_2026,0.2989,2.33333,0.13672,0.39558,0.33604,0.38418
2026-06-01T13:59:00+00:00,KX_BIRDFLU_US_2026,0.4156,5.0,0.04817,0.63696,0.49574,0.36204
2026-06-01T13:59:00+00:00,PM_HEATWAVE_EU_2026,0.36465,1.58333,-0.16019,0.43037,0.39029,0.39005
2026-06-01T13:59:00+00:00,PM_HURRICANE_FL_2026,0.3005,2.33333,0.67539,0.40556,0.35501,0.51885
2026-06-01T13:59:10+00:00,KX_BIRDFLU_US_2026,0.4119,5.0,0.37288,0.63816,0.51218,0.44322
2026-06-01T13:59:10+00:00,PM_HEATWAVE_EU_2026,0.36855,1.58333,-0.20183,0.43385,0.3947,0.40046
2026-06-01T13:59:10+00:00,PM_HURRICANE_FL_2026,0.3038,2.33333,-0.64878,0.38933,0.34761,0.5122
2026-06-01T13:59:20+00:00,KX_BIRDFLU_US_2026,0.41275,5.0,0.53791,0.64136,0.52351,0.48448
2026-06-01T13:59:20+00:00,PM_HEATWAVE_EU_2026,0.37095,1.58333,0.36201,0.44514,0.40363,0.4405
2026-06-01T13:59:20+00:00,PM_HURRICANE_FL_2026,0.3017,2.33333,-0.5102,0.38904,0.34341,0.47755
2026-06-01T13:59:30+00:00,KX_BIRDFLU_US_2026,0.4104,5.0,-0.4403,0.62479,0.50904,0.46007
2026-06-01T13:59:30+00:00,PM_HEATWAVE_EU_2026,0.3721,1.58333,-0.32187,0.43573,0.39949,0.43047
2026-06-01T13:59:30+00:00,PM_HURRICANE_FL_2026,0.3047,2.33333,-0.45098,0.39331,0.3457,0.46275
2026-06-01T13:59:40+00:00,KX_BIRDFLU_US_2026,0.41395,5.0,0.60252,0.64343,0.52884,0.50063
2026-06-01T13:59:40+00:00,PM_HEATWAVE_EU_2026,0.371,1.58333,-0.15522,0.43716,0.39672,0.3888
2026-06-01T13:59:40+00:00,PM_HURRICANE_FL_2026,0.3013,2.33333,-0.48092,0.38902,0.34255,0.47023
2026-06-01T13:59:50+00:00,KX_BIRDFLU_US_2026,0.41505,5.0,0.22066,0.63894,0.50576,0.40516
2026-06-01T13:59:50+00:00,PM_HEATWAVE_EU_2026,0.3706,1.58333,-0.2679,0.43499,0.39745,0.41698
2026-06-01T13:59:50+00:00,PM_HURRICANE_FL_2026,0.30455,2.33333,0.18272,0.4027,0.34339,0.39568
2026-06-01T14:00:00+00:00,KX_BIRDFLU_US_2026,0.4175,5.0,-0.41038,0.63207,0.51461,0.45259
2026-06-01T14:00:00+00:00,PM_HEATWAVE_EU_2026,0.36685,1.58333,0.46237,0.44235,0.402,0.46559
2026-06-01T14:00:00+00:00,PM_HURRICANE_FL_2026,0.3095,2.33333,0.16848,0.4081,0.34816,0.39212
2026-06-01T14:00:10+00:00,KX_BIRDFLU_US_2026,0.4182,2.7,0.38386,0.54488,0.46203,0.34597
2026-06-01T14:00:10+00:00,PM_HEATWAVE_EU_2026,0.3677,0.8,-0.12253,0.39992,0.37674,0.28063
2026-06-01T14:00:10+00:00,PM_HURRICANE_FL_2026,0.312,-0.7,-0.6242,0.27766,0.29806,0.40605
2026-06-01T14:00:20+00:00,KX_BIRDFLU_US_2026,0.42225,2.7,0.44127,0.5499,0.46824,0.36032
2026-06-01T14:00:20+00:00,PM_HEATWAVE_EU_2026,0.36695,0.8,0.3932,0.40696,0.38089,0.3483
2026-06-01T14:00:20+00:00,PM_HURRICANE_FL_2026,0.31775,-0.7,-0.59468,0.28341,0.30406,0.39867
2026-06-01T14:00:30+00:00,KX_BIRDFLU_US_2026,0.42175,2.7,-0.44586,0.53552,0.46287,0.36146
2026-06-01T14:00:30+00:00,PM_HEATWAVE_EU_2026,0.3688,0.8,-0.05085,0.40214,0.37756,0.26271
2026-06-01T14:00:30+00:00,PM_HURRICANE_FL_2026,0.31695,-0.7,0.03704,0.2908,0.31017,0.25926
2026-06-01T14:00:40+00:00,KX_BIRDFLU_US_2026,0.42125,2.7,0.57029,0.55089,0.47214,0.39257
2026-06-01T14:00:40+00:00,PM_HEATWAVE_EU_2026,0.37245,0.8,0.14345,0.40886,0.38286,0.28586
2026-06-01T14:00:40+00:00,PM_HURRICANE_FL_2026,0.3128,-0.7,0.0108,0.28651,0.30616,0.2527
2026-06-01T14:00:50+00:00,KX_BIRDFLU_US_2026,0.4211,2.7,-0.15282,0.53945,0.45521,0.2882
2026-06-01T14:00:50+00:00,PM_HEATWAVE_EU_2026,0.3739,0.8,0.27273,0.41233,0.38613,0.31818
2026-06-01T14:00:50+00:00,PM_HURRICANE_FL_2026,0.31485,-0.7,-0.22581,0.28541,0.30583,0.30645
2026-06-01T14:01:00+00:00,KX_BIRDFLU_US_2026,0.4196,2.7,-0.45504,0.53318,0.46092,0.36376
2026-06-01T14:01:00+00:00,PM_HEATWAVE_EU_2026,0.37385,0.8,-0.57343,0.39943,0.38391,0.39336
2026-06-01T14:01:00+00:00,PM_HURRICANE_FL_2026,0.31915,-0.7,-0.64158,0.28412,0.30478,0.41039
2026-06-01T14:01:10+00:00,KX_BIRDFLU_US_2026,0.42575,2.7,-0.35273,0.54105,0.46474,0.33818
2026-06-01T14:01:10+00:00,PM_HEATWAVE_EU_2026,0.37625,0.8,0.09091,0.41198,0.386,0.27273
2026-06-01T14:01:10+00:00,PM_HURRICANE_FL_2026,0.31505,-0.7,-0.10044,0.28722,0.30739,0.27511
2026-06-01T14:01:20+00:00,KX_BIRDFLU_US_2026,0.4226,2.7,-0.33333,0.53815,0.46112,0.33333
2026-06-01T14:01:20+00:00,PM_HEATWAVE_EU_2026,0.3732,0.8,0.25714,0.41137,0.3852,0.31429
2026-06-01T14:01:20+00:00,PM_HURRICANE_FL_2026,0.3167,-0.7,-0.04,0.28956,0.30964,0.26
2026-06-01T14:01:30+00:00,KX_BIRDFLU_US_2026,0.4176,2.7,0.75094,0.55,0.47556,0.43774
2026-06-01T14:01:30+00:00,PM_HEATWAVE_EU_2026,0.37725,0.8,-0.62712,0.40209,0.38736,0.40678
2026-06-01T14:01:30+00:00,PM_HURRICANE_FL_2026,0.31355,-0.7,0.33803,0.29147,0.30616,0.33451
2026-06-01T14:01:40+00:00,KX_BIRDFLU_US_2026,0.4188,2.7,-0.64773,0.52934,0.46433,0.41193
2026-06-01T14:01:40+00:00,PM_HEATWAVE_EU_2026,0.3723,0.8,0.44086,0.41324,0.38705,0.36022
2026-06-01T14:01:40+00:00,PM_HURRICANE_FL_2026,0.31665,-0.7,0.03654,0.29051,0.30988,0.25914
2026-06-01T14:01:50+00:00,KX_BIRDFLU_US_2026,0.4189,2.7,0.82263,0.55244,0.47975,0.45566
2026-06-01T14:01:50+00:00,PM_HEATWAVE_EU_2026,0.37155,0.8,-0.23005,0.40226,0.38099,0.30751
2026-06-01T14:01:50+00:00,PM_HURRICANE_FL_2026,0.3196,-0.7,0.03171,0.29326,0.31281,0.25793
2026-06-01T14:02:00+00:00,KX_BIRDFLU_US_2026,0.42325,2.7,0.27941,0.54839,0.46328,0.31985
2026-06-01T14:02:00+00:00,PM_HEATWAVE_EU_2026,0.36935,0.8,0.38326,0.4093,0.38317,0.34581
2026-06-01T14:02:00+00:00,PM_HURRICANE_FL_2026,0.3184,-0.7,0.14103,0.29354,0.31131,0.28526
2026-06-01T14:02:10+00:00,KX_BIRDFLU_US_2026,0.42885,2.7,-0.3183,0.54473,0.46704,0.32957
2026-06-01T14:02:10+00:00,PM_HEATWAVE_EU_2026,0.36945,0.8,0.11233,0.40528,0.37941,0.27808
2026-06-01T14:02:10+00:00,PM_HURRICANE_FL_2026,0.3207,-0.7,0.60396,0.30185,0.31314,0.40099
2026-06-01T14:02:20+00:00,KX_BIRDFLU_US_2026,0.43295,2.7,-0.02186,0.55349,0.46374,0.25546
2026-06-01T14:02:20+00:00,PM_HEATWAVE_EU_2026,0.3717,0.8,-0.79928,0.39382,0.38165,0.44982
2026-06-01T14:02:20+00:00,PM_HURRICANE_FL_2026,0.32465,-0.7,-0.08901,0.29649,0.31698,0.27225
2026-06-01T14:02:30+00:00,KX_BIRDFLU_US_2026,0.43455,2.7,-0.44886,0.54845,0.47581,0.36222
2026-06-01T14:02:30+00:00,PM_HEATWAVE_EU_2026,0.3713,0.8,-0.3921,0.39955,0.38113,0.34802
2026-06-01T14:02:30+00:00,PM_HURRICANE_FL_2026,0.325,-0.7,0.26316,0.30147,0.31757,0.31579
2026-06-01T14:02:40+00:00,KX_BIRDFLU_US_2026,0.4303,2.7,0.06312,0.55215,0.46268,0.26578
2026-06-01T14:02:40+00:00,PM_HEATWAVE_EU_2026,0.37,0.8,-0.10246,0.40259,0.37898,0.27561
2026-06-01T14:02:40+00:00,PM_HURRICANE_FL_2026,0.32045,-0.7,-0.45865,0.2877,0.30851,0.36466
2026-06-01T14:02:50+00:00,KX_BIRDFLU_US_2026,0.4304,2.7,-0.15,0.54893,0.46448,0.2875
2026-06-01T14:02:50+00:00,PM_HEATWAVE_EU_2026,0.3689,0.8,-0.21343,0.39978,0.37827,0.30336
2026-06-01T14:02:50+00:00,PM_HURRICANE_FL_2026,0.32425,-0.7,-0.06885,0.29637,0.3168,0.26721
2026-06-01T14:03:00+00:00,KX_BIRDFLU_US_2026,0.42495,2.7,-0.19559,0.54269,0.46014,0.2989
2026-06-01T14:03:00+00:00,PM_HEATWAVE_EU_2026,0.3615,0.8,0.28169,0.3996,0.37371,0.32042
2026-06-01T14:03:00+00:00,PM_HURRICANE_FL_2026,0.32595,-0.7,-0.06101,0.29809,0.31856,0.26525
2026-06-01T14:03:10+00:00,KX_BIRDFLU_US_2026,0.4208,2.7,-0.73438,0.53002,0.46816,0.43359
2026-06-01T14:03:10+00:00,PM_HEATWAVE_EU_2026,0.36175,0.8,-0.7767,0.38398,0.37162,0.44417
2026-06-01T14:03:10+00:00,PM_HURRICANE_FL_2026,0.32005,-0.7,-0.44444,0.2875,0.3083,0.36111
2026-06-01T14:03:20+00:00,KX_BIRDFLU_US_2026,0.41635,2.7,0.27098,0.54123,0.45603,0.31775
2026-06-01T14:03:20+00:00,PM_HEATWAVE_EU_2026,0.35885,0.8,0.77075,0.40425,0.37895,0.44269
2026-06-01T14:03:20+00:00,PM_HURRICANE_FL_2026,0.3206,-0.7,0.32251,0.29803,0.31314,0.33063
2026-06-01T14:03:30+00:00,KX_BIRDFLU_US_2026,0.4154,2.7,0.29412,0.54062,0.45591,0.32353
2026-06-01T14:03:30+00:00,PM_HEATWAVE_EU_2026,0.3557,0.8,-0.08759,0.38803,0.36449,0.2719
2026-06-01T14:03:30+00:00,PM_HURRICANE_FL_2026,0.317,-0.7,0.10881,0.29178,0.31001,0.2772
2026-06-01T14:03:40+00:00,KX_BIRDFLU_US_2026,0.41285,2.7,-0.2493,0.52949,0.44928,0.31232
2026-06-01T14:03:40+00:00,PM_HEATWAVE_EU_2026,0.36185,0.8,-0.28571,0.39142,0.37135,0.32143
2026-06-01T14:03:40+00:00,PM_HURRICANE_FL_2026,0.31885,-0.7,-0.01523,0.29193,0.31202,0.25381
2026-06-01T14:03:50+00:00,KX_BIRDFLU_US_2026,0.4109,2.7,0.40636,0.53777,0.45551,0.35159
2026-06-01T14:03:50+00:00,PM_HEATWAVE_EU_2026,0.3616,0.8,-0.21909,0.39216,0.37091,0.30477
2026-06-01T14:03:50+00:00,PM_HURRICANE_FL_2026,0.3221,-0.7,-0.57838,0.2877,0.30853,0.39459
2026-06-01T14:04:00+00:00,KX_BIRDFLU_US_2026,0.41075,2.7,-0.12157,0.52934,0.444,0.28039
2026-06-01T14:04:00+00:00,PM_HEATWAVE_EU_2026,0.36045,0.8,0.17483,0.3969,0.37116,0.29371
2026-06-01T14:04:00+00:00,PM_HURRICANE_FL_2026,0.31935,-0.7,0.07373,0.29357,0.31243,0.26843
2026-06-01T14:04:10+00:00,KX_BIRDFLU_US_2026,0.406,2.7,0.13725,0.5285,0.44083,0.28431
2026-06-01T14:04:10+00:00,PM_HEATWAVE_EU_2026,0.3567,0.8,0.25,0.39413,0.3684,0.3125
2026-06-01T14:04:10+00:00,PM_HURRICANE_FL_2026,0.3218,-0.7,-0.38416,0.28993,0.31077,0.34604
2026-06-01T14:04:20+00:00,KX_BIRDFLU_US_2026,0.4084,2.7,-0.25926,0.52475,0.44503,0.31481
2026-06-01T14:04:20+00:00,PM_HEATWAVE_EU_2026,0.35415,0.8,0.13973,0.38983,0.36432,0.28493
2026-06-01T14:04:20+00:00,PM_HURRICANE_FL_2026,0.31925,-0.7,-0.21627,0.2897,0.31026,0.30407
2026-06-01T14:04:30+00:00,KX_BIRDFLU_US_2026,0.4117,2.7,0.33172,0.53742,0.45356,0.33293
2026-06-01T14:04:30+00:00,PM_HEATWAVE_EU_2026,0.3514,0.8,-0.09833,0.38341,0.36019,0.27458
2026-06-01T14:04:30+00:00,PM_HURRICANE_FL_2026,0.3226,-0.7,-0.00521,0.29563,0.31582,0.2513
2026-06-01T14:04:40+00:00,KX_BIRDFLU_US_2026,0.40925,2.7,-0.38259,0.52369,0.44881,0.34565
2026-06-01T14:04:40+00:00,PM_HEATWAVE_EU_2026,0.34885,0.8,-0.33813,0.37721,0.35834,0.33453
2026-06-01T14:04:40+00:00,PM_HURRICANE_FL_2026,0.3219,-0.7,0.45946,0.30109,0.31431,0.36486
2026-06-01T14:04:50+00:00,KX_BIRDFLU_US_2026,0.4078,2.7,-0.21239,0.52487,0.44328,0.3031
2026-06-01T14:04:50+00:00,PM_HEATWAVE_EU_2026,0.3438,0.8,0.36364,0.38237,0.35695,0.34091
2026-06-01T14:04:50+00:00,PM_HURRICANE_FL_2026,0.31775,-0.7,0.48243,0.29739,0.31021,0.37061
2026-06-01T14:05:00+00:00,KX_BIRDFLU_US_2026,0.4072,2.7,-0.37337,0.52172,0.44652,0.34334
2026-06-01T14:05:00+00:00,PM_HEATWAVE_EU_2026,0.3418,0.8,0.32226,0.37966,0.35432,0.33056
2026-06-01T14:05:00+00:00,PM_HURRICANE_FL_2026,0.31335,-0.7,-0.18078,0.28457,0.30485,0.29519
2026-06-01T14:05:10+00:00,KX_BIRDFLU_US_2026,0.40365,2.7,-0.10732,0.52223,0.43648,0.27683
2026-06-01T14:05:10+00:00,PM_HEATWAVE_EU_2026,0.3425,0.8,0.35661,0.38091,0.35553,0.33915
2026-06-01T14:05:10+00:00,PM_HURRICANE_FL_2026,0.31385,-0.7,0.23913,0.29047,0.30661,0.30978
2026-06-01T14:05:20+00:00,KX_BIRDFLU_US_2026,0.4022,2.7,0.68166,0.53311,0.45724,0.42042
2026-06-01T14:05:20+00:00,PM_HEATWAVE_EU_2026,0.3458,0.8,-0.7757,0.36762,0.35549,0.44393
2026-06-01T14:05:20+00:00,PM_HURRICANE_FL_2026,0.31355,-0.7,-0.2,0.28452,0.30484,0.3
2026-06-01T14:05:30+00:00,KX_BIRDFLU_US_2026,0.40955,2.7,-0.09569,0.52851,0.44213,0.27392
2026-06-01T14:05:30+00:00,PM_HEATWAVE_EU_2026,0.3496,0.8,-0.66492,0.37316,0.35941,0.41623
2026-06-01T14:05:30+00:00,PM_HURRICANE_FL_2026,0.3123,-0.7,0.21311,0.28865,0.30513,0.30328
2026-06-01T14:05:40+00:00,KX_BIRDFLU_US_2026,0.41415,2.7,0.00775,0.53486,0.44456,0.25194
2026-06-01T14:05:40+00:00,PM_HEATWAVE_EU_2026,0.34985,0.8,-0.411,0.37717,0.35949,0.35275
2026-06-01T14:05:40+00:00,PM_HURRICANE_FL_2026,0.31075,-0.7,0.40811,0.28969,0.30334,0.35203
2026-06-01T14:05:50+00:00,KX_BIRDFLU_US_2026,0.4104,2.7,-0.1074,0.5292,0.44329,0.27685
2026-06-01T14:05:50+00:00,PM_HEATWAVE_EU_2026,0.35045,0.8,0.08137,0.38511,0.35982,0.27034
2026-06-01T14:05:50+00:00,PM_HURRICANE_FL_2026,0.31065,-0.7,-0.33714,0.28003,0.30041,0.33429
2026-06-01T14:06:00+00:00,KX_BIRDFLU_US_2026,0.40875,2.7,-0.20918,0.5259,0.44416,0.3023
2026-06-01T14:06:00+00:00,PM_HEATWAVE_EU_2026,0.34845,0.8,-0.37968,0.37618,0.35802,0.34492
2026-06-01T14:06:00+00:00,PM_HURRICANE_FL_2026,0.30895,-0.7,0.04142,0.28324,0.30226,0.26036
2026-06-01T14:06:10+00:00,KX_BIRDFLU_US_2026,0.40935,2.7,-0.26697,0.52561,0.44617,0.31674
2026-06-01T14:06:10+00:00,PM_HEATWAVE_EU_2026,0.34295,0.8,-0.50649,0.36863,0.35262,0.37662
2026-06-01T14:06:10+00:00,PM_HURRICANE_FL_2026,0.30795,-0.7,-0.23906,0.27873,0.2989,0.30976
2026-06-01T14:06:20+00:00,KX_BIRDFLU_US_2026,0.4074,2.7,0.0179,0.52807,0.43811,0.25448
2026-06-01T14:06:20+00:00,PM_HEATWAVE_EU_2026,0.3407,0.8,-0.45946,0.367,0.35029,0.36486
2026-06-01T14:06:20+00:00,PM_HURRICANE_FL_2026,0.3075,-0.7,0.24255,0.28444,0.30034,0.31064
2026-06-01T14:06:30+00:00,KX_BIRDFLU_US_2026,0.40515,2.7,0.15366,0.52788,0.44055,0.28842
2026-06-01T14:06:30+00:00,PM_HEATWAVE_EU_2026,0.3367,0.8,0.43878,0.37604,0.35085,0.35969
2026-06-01T14:06:30+00:00,PM_HURRICANE_FL_2026,0.30815,-0.7,-0.5277,0.27527,0.29559,0.38192
2026-06-01T14:06:40+00:00,KX_BIRDFLU_US_2026,0.4122,2.7,-0.21475,0.52936,0.44778,0.30369
2026-06-01T14:06:40+00:00,PM_HEATWAVE_EU_2026,0.33615,0.8,-0.29461,0.36469,0.34539,0.32365
2026-06-01T14:06:40+00:00,PM_HURRICANE_FL_2026,0.3088,-0.7,0.29904,0.28641,0.30153,0.32476
2026-06-01T14:06:50+00:00,KX_BIRDFLU_US_2026,0.4096,2.7,-0.61677,0.52037,0.45437,0.40419
2026-06-01T14:06:50+00:00,PM_HEATWAVE_EU_2026,0.33445,0.8,0.21705,0.37041,0.34539,0.30426
2026-06-01T14:06:50+00:00,PM_HURRICANE_FL_2026,0.31355,-0.7,0.40741,0.29237,0.3061,0.35185
2026-06-01T14:07:00+00:00,KX_BIRDFLU_US_2026,0.40485,2.7,0.34571,0.53058,0.44715,0.33643
2026-06-01T14:07:00+00:00,PM_HEATWAVE_EU_2026,0.33275,0.8,-0.64706,0.35605,0.34235,0.41176
2026-06-01T14:07:00+00:00,PM_HURRICANE_FL_2026,0.31545,-0.7,0.17595,0.29118,0.30831,0.29399
2026-06-01T14:07:10+00:00,KX_BIRDFLU_US_2026,0.4058,2.7,0.32135,0.53118,0.44722,0.33034
2026-06-01T14:07:10+00:00,PM_HEATWAVE_EU_2026,0.3383,0.8,0.50538,0.37871,0.35351,0.37634
2026-06-01T14:07:10+00:00,PM_HURRICANE_FL_2026,0.31745,-0.7,-0.0625,0.28999,0.31015,0.26562
2026-06-01T14:07:20+00:00,KX_BIRDFLU_US_2026,0.4053,2.7,-0.3029,0.52086,0.44294,0.32573
2026-06-01T14:07:20+00:00,PM_HEATWAVE_EU_2026,0.34015,0.8,0.20735,0.37623,0.35104,0.30184
2026-06-01T14:07:20+00:00,PM_HURRICANE_FL_2026,0.3173,-0.7,-0.27922,0.28704,0.30762,0.31981
2026-06-01T14:07:30+00:00,KX_BIRDFLU_US_2026,0.4043,2.7,0.63746,0.53459,0.45764,0.40937
2026-06-01T14:07:30+00:00,PM_HEATWAVE_EU_2026,0.34055,0.8,0.32609,0.37841,0.3531,0.33152
2026-06-01T14:07:30+00:00,PM_HURRICANE_FL_2026,0.3168,-0.7,0.49714,0.29667,0.30927,0.37429
2026-06-01T14:07:40+00:00,KX_BIRDFLU_US_2026,0.40765,2.7,-0.36384,0.52233,0.44675,0.34096
2026-06-01T14:07:40+00:00,PM_HEATWAVE_EU_2026,0.33815,0.8,0.4,0.37699,0.35174,0.35
2026-06-01T14:07:40+00:00,PM_HURRICANE_FL_2026,0.31095,-0.7,0.38242,0.28955,0.30355,0.34561
2026-06-01T14:07:50+00:00,KX_BIRDFLU_US_2026,0.41325,2.7,-0.32739,0.52868,0.45155,0.33185
2026-06-01T14:07:50+00:00,PM_HEATWAVE_EU_2026,0.342,0.8,0.01282,0.37529,0.35043,0.25321
2026-06-01T14:07:50+00:00,PM_HURRICANE_FL_2026,0.3105,-0.7,-0.02857,0.28382,0.30364,0.25714
2026-06-01T14:08:00+00:00,KX_BIRDFLU_US_2026,0.4113,2.7,0.50667,0.53975,0.45968,0.37667
2026-06-01T14:08:00+00:00,PM_HEATWAVE_EU_2026,0.3437,0.8,0.64543,0.38647,0.36129,0.41136
2026-06-01T14:08:00+00:00,PM_HURRICANE_FL_2026,0.31325,-0.7,-0.05336,0.28611,0.3061,0.26334
2026-06-01T14:08:10+00:00,KX_BIRDFLU_US_2026,0.41275,2.7,0.20322,0.53648,0.44997,0.3008
2026-06-01T14:08:10+00:00,PM_HEATWAVE_EU_2026,0.34445,0.8,-0.07375,0.37656,0.35307,0.26844
2026-06-01T14:08:10+00:00,PM_HURRICANE_FL_2026,0.3148,-0.7,-0.60111,0.28057,0.3011,0.40028
2026-06-01T14:08:20+00:00,KX_BIRDFLU_US_2026,0.41745,2.7,0.40342,0.54442,0.462,0.35086
2026-06-01T14:08:20+00:00,PM_HEATWAVE_EU_2026,0.3401,0.8,0.20168,0.3761,0.35091,0.30042
2026-06-01T14:08:20+00:00,PM_HURRICANE_FL_2026,0.3126,-0.7,0.22193,0.28905,0.30541,0.30548
2026-06-01T14:08:30+00:00,KX_BIRDFLU_US_2026,0.4168,2.7,-0.01724,0.53718,0.44741,0.25431
2026-06-01T14:08:30+00:00,PM_HEATWAVE_EU_2026,0.33885,0.8,-0.05046,0.37108,0.34731,0.26261
2026-06-01T14:08:30+00:00,PM_HURRICANE_FL_2026,0.3136,-0.7,-0.6,0.27946,0.29994,0.4
2026-06-01T14:08:40+00:00,KX_BIRDFLU_US_2026,0.41155,2.7,0.02394,0.53244,0.4425,0.25599
2026-06-01T14:08:40+00:00,PM_HEATWAVE_EU_2026,0.33675,0.8,0.2963,0.37399,0.34882,0.32407
2026-06-01T14:08:40+00:00,PM_HURRICANE_FL_2026,0.3119,-0.7,-0.05525,0.28481,0.30475,0.26381
2026-06-01T14:08:50+00:00,KX_BIRDFLU_US_2026,0.40815,2.7,-0.2514,0.52462,0.44459,0.31285
2026-06-01T14:08:50+00:00,PM_HEATWAVE_EU_2026,0.33585,0.8,-0.14947,0.3665,0.34466,0.28737
2026-06-01T14:08:50+00:00,PM_HURRICANE_FL_2026,0.31035,-0.7,-0.03823,0.28356,0.3034,0.25956
2026-06-01T14:09:00+00:00,KX_BIRDFLU_US_2026,0.4087,2.7,-0.63043,0.51923,0.45375,0.40761
2026-06-01T14:09:00+00:00,PM_HEATWAVE_EU_2026,0.33605,0.8,0.17472,0.37146,0.34645,0.29368
2026-06-01T14:09:00+00:00,PM_HURRICANE_FL_2026,0.3129,-0.7,0.12469,0.28808,0.30592,0.28117
2026-06-01T14:09:10+00:00,KX_BIRDFLU_US_2026,0.4038,2.7,-0.49231,0.51633,0.44578,0.37308
2026-06-01T14:09:10+00:00,PM_HEATWAVE_EU_2026,0.3412,0.8,-0.2,0.37132,0.35024,0.3
2026-06-01T14:09:10+00:00,PM_HURRICANE_FL_2026,0.3185,-0.7,0.5,0.29835,0.31094,0.375
2026-06-01T14:09:20+00:00,KX_BIRDFLU_US_2026,0.4115,2.7,-0.81467,0.51922,0.46037,0.45367
2026-06-01T14:09:20+00:00,PM_HEATWAVE_EU_2026,0.33475,0.8,0.02966,0.36798,0.3433,0.25742
2026-06-01T14:09:20+00:00,PM_HURRICANE_FL_2026,0.3171,-0.7,0.73188,0.30006,0.30972,0.43297
2026-06-01T14:09:30+00:00,KX_BIRDFLU_US_2026,0.4139,2.7,-0.25604,0.53046,0.4505,0.31401
2026-06-01T14:09:30+00:00,PM_HEATWAVE_EU_2026,0.33585,0.8,0.46575,0.37555,0.3504,0.36644
2026-06-01T14:09:30+00:00,PM_HURRICANE_FL_2026,0.3163,-0.7,0.53271,0.29666,0.30877,0.38318
2026-06-01T14:09:40+00:00,KX_BIRDFLU_US_2026,0.41565,2.7,0.4386,0.54314,0.4615,0.35965
2026-06-01T14:09:40+00:00,PM_HEATWAVE_EU_2026,0.33055,0.8,0.06667,0.36413,0.3395,0.26667
2026-06-01T14:09:40+00:00,PM_HURRICANE_FL_2026,0.31865,-0.7,0.19912,0.29454,0.31142,0.29978
2026-06-01T14:09:50+00:00,KX_BIRDFLU_US_2026,0.40795,2.7,-0.09278,0.5269,0.44045,0.2732
2026-06-01T14:09:50+00:00,PM_HEATWAVE_EU_2026,0.3329,0.8,-0.41991,0.3595,0.34234,0.35498
2026-06-01T14:09:50+00:00,PM_HURRICANE_FL_2026,0.3159,-0.7,0.01449,0.28951,0.30921,0.25362
2026-06-01T14:10:00+00:00,KX_BIRDFLU_US_2026,0.40475,2.7,-0.32958,0.51987,0.44302,0.33239
2026-06-01T14:10:00+00:00,PM_HEATWAVE_EU_2026,0.3325,0.8,0.57778,0.37367,0.34874,0.39444
2026-06-01T14:10:00+00:00,PM_HURRICANE_FL_2026,0.31835,-0.7,0.09424,0.29288,0.31138,0.27356
2026-06-01T14:10:10+00:00,KX_BIRDFLU_US_2026,0.40525,2.7,0.09213,0.52702,0.4385,0.27303
2026-06-01T14:10:10+00:00,PM_HEATWAVE_EU_2026,0.32265,0.8,-0.05381,0.35411,0.33094,0.26345
2026-06-01T14:10:10+00:00,PM_HURRICANE_FL_2026,0.31565,-0.7,-0.47368,0.28299,0.30362,0.36842
2026-06-01T14:10:20+00:00,KX_BIRDFLU_US_2026,0.4017,2.7,0.41827,0.52846,0.44665,0.35457
2026-06-01T14:10:20+00:00,PM_HEATWAVE_EU_2026,0.3224,0.8,0.67893,0.36448,0.34006,0.41973
2026-06-01T14:10:20+00:00,PM_HURRICANE_FL_2026,0.3096,-0.7,-0.0646,0.28251,0.30239,0.26615
2026-06-01T14:10:30+00:00,KX_BIRDFLU_US_2026,0.40485,2.7,0.03462,0.5257,0.43611,0.25866
2026-06-01T14:10:30+00:00,PM_HEATWAVE_EU_2026,0.32165,0.8,0.08696,0.35509,0.33074,0.27174
2026-06-01T14:10:30+00:00,PM_HURRICANE_FL_2026,0.30635,-0.7,-0.09831,0.279,0.29884,0.27458
2026-06-01T14:10:40+00:00,KX_BIRDFLU_US_2026,0.4099,2.7,0.10189,0.53197,0.44353,0.27547
2026-06-01T14:10:40+00:00,PM_HEATWAVE_EU_2026,0.31645,0.8,0.07246,0.34942,0.32529,0.26812
2026-06-01T14:10:40+00:00,PM_HURRICANE_FL_2026,0.3064,-0.7,0.10504,0.28163,0.29956,0.27626
2026-06-01T14:10:50+00:00,KX_BIRDFLU_US_2026,0.41255,2.7,0.3012,0.53781,0.4533,0.3253
2026-06-01T14:10:50+00:00,PM_HEATWAVE_EU_2026,0.31855,0.8,0.65766,0.36008,0.33576,0.41441
2026-06-01T14:10:50+00:00,PM_HURRICANE_FL_2026,0.31055,-0.7,0.75668,0.29403,0.3033,0.43917
2026-06-01T14:11:00+00:00,KX_BIRDFLU_US_2026,0.41335,2.7,-0.03704,0.53333,0.44446,0.25926
2026-06-01T14:11:00+00:00,PM_HEATWAVE_EU_2026,0.3177,0.8,-0.61311,0.34097,0.32708,0.40328
2026-06-01T14:11:00+00:00,PM_HURRICANE_FL_2026,0.31525,-0.7,0.5978,0.2965,0.30776,0.39945
2026-06-01T14:11:10+00:00,KX_BIRDFLU_US_2026,0.4065,2.7,-0.4359,0.52001,0.44725,0.35897
2026-06-01T14:11:10+00:00,PM_HEATWAVE_EU_2026,0.31865,0.8,0.48387,0.35767,0.33312,0.37097
2026-06-01T14:11:10+00:00,PM_HURRICANE_FL_2026,0.32105,-0.7,-0.29461,0.29039,0.31113,0.32365
2026-06-01T14:11:20+00:00,KX_BIRDFLU_US_2026,0.4086,2.7,-0.34247,0.52365,0.44721,0.33562
2026-06-01T14:11:20+00:00,PM_HEATWAVE_EU_2026,0.31655,0.8,-0.5873,0.34014,0.32591,0.39683
2026-06-01T14:11:20+00:00,PM_HURRICANE_FL_2026,0.3258,-0.7,-0.06931,0.29784,0.31833,0.26733
2026-06-01T14:11:30+00:00,KX_BIRDFLU_US_2026,0.41105,2.7,0.66092,0.5419,0.46538,0.41523
2026-06-01T14:11:30+00:00,PM_HEATWAVE_EU_2026,0.3125,0.8,0.34091,0.3491,0.32477,0.33523
2026-06-01T14:11:30+00:00,PM_HURRICANE_FL_2026,0.3262,-0.7,-0.50838,0.29246,0.31348,0.37709
2026-06-01T14:11:40+00:00,KX_BIRDFLU_US_2026,0.41335,0.83333,-0.42553,0.44351,0.42711,0.45638
2026-06-01T14:11:40+00:00,PM_HEATWAVE_EU_2026,0.31615,1.33333,-0.31217,0.36559,0.33731,0.42804
2026-06-01T14:11:40+00:00,PM_HURRICANE_FL_2026,0.32005,1.16667,0.28571,0.37156,0.34176,0.42143
2026-06-01T14:11:50+00:00,KX_BIRDFLU_US_2026,0.41425,-1.7,-0.79439,0.33126,0.37702,0.4486
2026-06-01T14:11:50+00:00,PM_HEATWAVE_EU_2026,0.31675,0.8,0.3266,0.35339,0.3289,0.33165
2026-06-01T14:11:50+00:00,PM_HURRICANE_FL_2026,0.31695,2.1,-0.54891,0.39546,0.34735,0.38723
2026-06-01T14:12:00+00:00,KX_BIRDFLU_US_2026,0.41015,-1.7,-0.08855,0.3374,0.39035,0.27214
2026-06-01T14:12:00+00:00,PM_HEATWAVE_EU_2026,0.3177,0.8,-0.35917,0.34457,0.32683,0.33979
2026-06-01T14:12:00+00:00,PM_HURRICANE_FL_2026,0.3193,2.1,-0.17857,0.40366,0.34416,0.29464
2026-06-01T14:12:10+00:00,KX_BIRDFLU_US_2026,0.40825,-1.7,-0.21401,0.33388,0.38568,0.3035
2026-06-01T14:12:10+00:00,PM_HEATWAVE_EU_2026,0.3217,0.8,-0.4507,0.34743,0.33103,0.36268
2026-06-01T14:12:10+00:00,PM_HURRICANE_FL_2026,0.31745,2.1,-0.6413,0.39462,0.34912,0.41033
2026-06-01T14:12:20+00:00,KX_BIRDFLU_US_2026,0.40685,-1.7,0.27796,0.33951,0.38533,0.31949
2026-06-01T14:12:20+00:00,PM_HEATWAVE_EU_2026,0.32075,0.8,-0.55851,0.3449,0.33016,0.38963
2026-06-01T14:12:20+00:00,PM_HURRICANE_FL_2026,0.3165,2.1,-0.14403,0.40108,0.34069,0.28601
2026-06-01T14:12:30+00:00,KX_BIRDFLU_US_2026,0.4072,-1.7,-0.046,0.33527,0.38839,0.2615
2026-06-01T14:12:30+00:00,PM_HEATWAVE_EU_2026,0.3211,0.8,-0.59589,0.34474,0.33053,0.39897
2026-06-01T14:12:30+00:00,PM_HURRICANE_FL_2026,0.31555,2.1,-0.67347,0.39204,0.34755,0.41837
2026-06-01T14:12:40+00:00,KX_BIRDFLU_US_2026,0.4074,-1.7,0.4,0.34175,0.38442,0.35
2026-06-01T14:12:40+00:00,PM_HEATWAVE_EU_2026,0.318,0.8,0.72201,0.36043,0.33627,0.4305
2026-06-01T14:12:40+00:00,PM_HURRICANE_FL_2026,0.31305,2.1,0.76289,0.411,0.35622,0.44072
2026-06-01T14:12:50+00:00,KX_BIRDFLU_US_2026,0.40895,-1.7,0.27922,0.34148,0.38737,0.31981
2026-06-01T14:12:50+00:00,PM_HEATWAVE_EU_2026,0.3185,0.8,0.35294,0.35562,0.33105,0.33824
2026-06-01T14:12:50+00:00,PM_HURRICANE_FL_2026,0.31525,2.1,-0.0884,0.40053,0.33845,0.2721
2026-06-01T14:13:00+00:00,KX_BIRDFLU_US_2026,0.40595,-1.7,-0.02542,0.3344,0.38761,0.25636
2026-06-01T14:13:00+00:00,PM_HEATWAVE_EU_2026,0.3214,0.8,-0.49589,0.34647,0.33078,0.37397
2026-06-01T14:13:00+00:00,PM_HURRICANE_FL_2026,0.32005,2.1,0.67123,0.41745,0.36074,0.41781
2026-06-01T14:13:10+00:00,KX_BIRDFLU_US_2026,0.4074,-1.7,0.13415,0.33799,0.38772,0.28354
2026-06-01T14:13:10+00:00,PM_HEATWAVE_EU_2026,0.3203,0.8,0.09663,0.35382,0.32949,0.27416
2026-06-01T14:13:10+00:00,PM_HURRICANE_FL_2026,0.3215,2.1,-0.45397,0.40192,0.35073,0.36349
2026-06-01T14:13:20+00:00,KX_BIRDFLU_US_2026,0.40455,-1.7,0.00893,0.33359,0.38665,0.25223
2026-06-01T14:13:20+00:00,PM_HEATWAVE_EU_2026,0.3204,0.8,-0.72868,0.34212,0.32979,0.43217
2026-06-01T14:13:20+00:00,PM_HURRICANE_FL_2026,0.31505,2.1,-0.56989,0.39305,0.34566,0.39247
2026-06-01T14:13:30+00:00,KX_BIRDFLU_US_2026,0.4024,-1.7,0.46809,0.33805,0.37878,0.36702
2026-06-01T14:13:30+00:00,PM_HEATWAVE_EU_2026,0.32195,0.8,0.0538,0.35493,0.33064,0.26345
2026-06-01T14:13:30+00:00,PM_HURRICANE_FL_2026,0.31335,2.1,0.184,0.40254,0.33975,0.296
2026-06-01T14:13:40+00:00,KX_BIRDFLU_US_2026,0.40585,-1.7,0.55556,0.34251,0.38122,0.38889
2026-06-01T14:13:40+00:00,PM_HEATWAVE_EU_2026,0.3256,0.8,0.05988,0.35884,0.33441,0.26497
2026-06-01T14:13:40+00:00,PM_HURRICANE_FL_2026,0.31255,2.1,-0.27187,0.39476,0.33869,0.31797
2026-06-01T14:13:50+00:00,KX_BIRDFLU_US_2026,0.40255,-1.7,-0.22321,0.32851,0.37991,0.3058
2026-06-01T14:13:50+00:00,PM_HEATWAVE_EU_2026,0.32205,0.8,0.44407,0.36069,0.336,0.36102
2026-06-01T14:13:50+00:00,PM_HURRICANE_FL_2026,0.3123,2.1,-0.50314,0.39101,0.34188,0.37579
2026-06-01T14:14:00+00:00,KX_BIRDFLU_US_2026,0.39895,-1.7,0.42105,0.33419,0.37594,0.35526
2026-06-01T14:14:00+00:00,PM_HEATWAVE_EU_2026,0.3259,0.8,-0.13333,0.35636,0.33453,0.28333
2026-06-01T14:14:00+00:00,PM_HURRICANE_FL_2026,0.31185,2.1,0.62667,0.40757,0.35078,0.40667
2026-06-01T14:14:10+00:00,KX_BIRDFLU_US_2026,0.3943,-1.7,0.44476,0.33021,0.37115,0.36119
2026-06-01T14:14:10+00:00,PM_HEATWAVE_EU_2026,0.32995,0.8,-0.69643,0.35245,0.33949,0.42411
2026-06-01T14:14:10+00:00,PM_HURRICANE_FL_2026,0.3148,2.1,-0.40369,0.39527,0.34304,0.35092
2026-06-01T14:14:20+00:00,KX_BIRDFLU_US_2026,0.39475,-1.7,-0.20988,0.32156,0.37261,0.30247
2026-06-01T14:14:20+00:00,PM_HEATWAVE_EU_2026,0.33035,0.8,-0.07944,0.36179,0.33883,0.26986
2026-06-01T14:14:20+00:00,PM_HURRICANE_FL_2026,0.3205,2.1,-0.03016,0.40724,0.34284,0.25754
2026-06-01T14:14:30+00:00,KX_BIRDFLU_US_2026,0.3984,-1.7,0.07576,0.32886,0.3797,0.26894
2026-06-01T14:14:30+00:00,PM_HEATWAVE_EU_2026,0.33385,0.8,0.43842,0.37304,0.34794,0.35961
2026-06-01T14:14:30+00:00,PM_HURRICANE_FL_2026,0.3185,2.1,-0.01213,0.4053,0.34046,0.25303
2026-06-01T14:14:40+00:00,KX_BIRDFLU_US_2026,0.40385,-1.7,0.4728,0.33947,0.38014,0.3682
2026-06-01T14:14:40+00:00,PM_HEATWAVE_EU_2026,0.33485,0.8,-0.37026,0.36224,0.34423,0.34257
2026-06-01T14:14:40+00:00,PM_HURRICANE_FL_2026,0.32025,2.1,0.18919,0.41031,0.34702,0.2973
2026-06-01T14:14:50+00:00,KX_BIRDFLU_US_2026,0.4063,-1.7,-0.20833,0.33217,0.38391,0.30208
2026-06-01T14:14:50+00:00,PM_HEATWAVE_EU_2026,0.33565,0.8,0.10978,0.37009,0.34521,0.27745
2026-06-01T14:14:50+00:00,PM_HURRICANE_FL_2026,0.32435,2.1,0.32615,0.41695,0.35505,0.33154
2026-06-01T14:15:00+00:00,KX_BIRDFLU_US_2026,0.407,-1.7,0.74863,0.34633,0.38048,0.43716
2026-06-01T14:15:00+00:00,PM_HEATWAVE_EU_2026,0.33405,0.8,0.29047,0.37107,0.34599,0.32262
2026-06-01T14:15:00+00:00,PM_HURRICANE_FL_2026,0.32395,2.1,-0.23529,0.40794,0.34989,0.30882
2026-06-01T14:15:10+00:00,KX_BIRDFLU_US_2026,0.40785,-1.7,0.28395,0.34052,0.38624,0.32099
2026-06-01T14:15:10+00:00,PM_HEATWAVE_EU_2026,0.33595,0.8,-0.38164,0.36321,0.34537,0.34541
2026-06-01T14:15:10+00:00,PM_HURRICANE_FL_2026,0.32095,2.1,-0.18049,0.40546,0.34589,0.29512
2026-06-01T14:15:20+00:00,KX_BIRDFLU_US_2026,0.4081,-1.7,-0.11238,0.33517,0.38782,0.2781
2026-06-01T14:15:20+00:00,PM_HEATWAVE_EU_2026,0.3359,0.8,-0.51421,0.36123,0.34549,0.37855
2026-06-01T14:15:20+00:00,PM_HURRICANE_FL_2026,0.32395,2.1,0.51613,0.41942,0.36014,0.37903
2026-06-01T14:15:30+00:00,KX_BIRDFLU_US_2026,0.4118,-1.7,0.00606,0.34026,0.39381,0.25152
2026-06-01T14:15:30+00:00,PM_HEATWAVE_EU_2026,0.3397,0.8,-0.41528,0.36661,0.34922,0.35382
2026-06-01T14:15:30+00:00,PM_HURRICANE_FL_2026,0.32755,2.1,-0.15961,0.41306,0.35234,0.2899
2026-06-01T14:15:40+00:00,KX_BIRDFLU_US_2026,0.41445,-1.7,-0.14398,0.34059,0.39333,0.286
2026-06-01T14:15:40+00:00,PM_HEATWAVE_EU_2026,0.33375,0.8,-0.35583,0.36131,0.34309,0.33896
2026-06-01T14:15:40+00:00,PM_HURRICANE_FL_2026,0.32715,2.1,0.51335,0.42293,0.36339,0.37834
2026-06-01T14:15:50+00:00,KX_BIRDFLU_US_2026,0.41725,-1.7,0.48718,0.3522,0.39306,0.37179
2026-06-01T14:15:50+00:00,PM_HEATWAVE_EU_2026,0.33205,0.8,-0.03734,0.36418,0.34038,0.25934
2026-06-01T14:15:50+00:00,PM_HURRICANE_FL_2026,0.32555,2.1,-0.35873,0.40782,0.3535,0.33968
2026-06-01T14:16:00+00:00,KX_BIRDFLU_US_2026,0.41125,-1.7,-0.06383,0.33876,0.39197,0.26596
2026-06-01T14:16:00+00:00,PM_HEATWAVE_EU_2026,0.3387,0.8,-0.05221,0.37089,0.34717,0.26305
2026-06-01T14:16:00+00:00,PM_HURRICANE_FL_2026,0.3241,2.1,-0.2381,0.40806,0.35009,0.30952
2026-06-01T14:16:10+00:00,KX_BIRDFLU_US_2026,0.41035,-1.7,0.4023,0.34453,0.38727,0.35057
2026-06-01T14:16:10+00:00,PM_HEATWAVE_EU_2026,0.33265,0.8,0.18919,0.36812,0.34319,0.2973
2026-06-01T14:16:10+00:00,PM_HURRICANE_FL_2026,0.326,2.1,-0.5,0.40617,0.35606,0.375
2026-06-01T14:16:20+00:00,KX_BIRDFLU_US_2026,0.41365,-1.7,0.21995,0.34501,0.39272,0.30499
2026-06-01T14:16:20+00:00,PM_HEATWAVE_EU_2026,0.3316,0.8,-0.01736,0.364,0.33984,0.25434
2026-06-01T14:16:20+00:00,PM_HURRICANE_FL_2026,0.3317,2.1,0.4,0.42622,0.36478,0.35
2026-06-01T14:16:30+00:00,KX_BIRDFLU_US_2026,0.4157,-1.7,0.05319,0.34455,0.39697,0.2633
2026-06-01T14:16:30+00:00,PM_HEATWAVE_EU_2026,0.32845,0.8,0.0,0.36096,0.33658,0.25
2026-06-01T14:16:30+00:00,PM_HURRICANE_FL_2026,0.32835,2.1,0.13636,0.41847,0.35395,0.28409
2026-06-01T14:16:40+00:00,KX_BIRDFLU_US_2026,0.41335,-1.7,-0.59551,0.33322,0.38139,0.39888
2026-06-01T14:16:40+00:00,PM_HEATWAVE_EU_2026,0.331,0.8,-0.57895,0.35523,0.34056,0.39474
2026-06-01T14:16:40+00:00,PM_HURRICANE_FL_2026,0.3293,2.1,-0.13426,0.41537,0.35371,0.28356
2026-06-01T14:16:50+00:00,KX_BIRDFLU_US_2026,0.41085,-1.7,0.10698,0.3408,0.39147,0.27674
2026-06-01T14:16:50+00:00,PM_HEATWAVE_EU_2026,0.3322,0.8,-0.30769,0.3604,0.34142,0.32692
2026-06-01T14:16:50+00:00,PM_HURRICANE_FL_2026,0.3323,2.1,0.49351,0.42832,0.36815,0.37338
2026-06-01T14:17:00+00:00,KX_BIRDFLU_US_2026,0.4122,-1.7,0.8038,0.352,0.38505,0.45095
2026-06-01T14:17:00+00:00,PM_HEATWAVE_EU_2026,0.333,0.8,0.75549,0.37682,0.35223,0.43887
2026-06-01T14:17:00+00:00,PM_HURRICANE_FL_2026,0.33125,2.1,-0.80597,0.40726,0.36557,0.45149
2026-06-01T14:17:10+00:00,KX_BIRDFLU_US_2026,0.41335,-1.7,-0.80147,0.33034,0.37597,0.45037
2026-06-01T14:17:10+00:00,PM_HEATWAVE_EU_2026,0.3314,0.8,-0.70776,0.35378,0.34096,0.42694
2026-06-01T14:17:10+00:00,PM_HURRICANE_FL_2026,0.33085,2.1,0.37824,0.42494,0.36327,0.34456
2026-06-01T14:17:20+00:00,KX_BIRDFLU_US_2026,0.41085,-1.7,-0.48936,0.33242,0.38165,0.37234
2026-06-01T14:17:20+00:00,PM_HEATWAVE_EU_2026,0.3281,0.8,-0.25676,0.35687,0.33714,0.31419
2026-06-01T14:17:20+00:00,PM_HURRICANE_FL_2026,0.326,2.1,0.46386,0.42089,0.36073,0.36596
2026-06-01T14:17:30+00:00,KX_BIRDFLU_US_2026,0.4078,-1.7,-0.01702,0.33623,0.3896,0.25426
2026-06-01T14:17:30+00:00,PM_HEATWAVE_EU_2026,0.3309,0.8,-0.36471,0.35822,0.34022,0.34118
2026-06-01T14:17:30+00:00,PM_HURRICANE_FL_2026,0.32215,2.1,0.6609,0.41963,0.36263,0.41522
2026-06-01T14:17:40+00:00,KX_BIRDFLU_US_2026,0.40745,-1.7,0.26797,0.33992,0.38604,0.31699
2026-06-01T14:17:40+00:00,PM_HEATWAVE_EU_2026,0.3296,0.8,-0.11765,0.36045,0.33822,0.27941
2026-06-01T14:17:40+00:00,PM_HURRICANE_FL_2026,0.3245,2.1,0.02222,0.41247,0.34698,0.25556
2026-06-01T14:17:50+00:00,KX_BIRDFLU_US_2026,0.408,-1.7,-0.40458,0.33099,0.38096,0.35115
2026-06-01T14:17:50+00:00,PM_HEATWAVE_EU_2026,0.33085,0.8,-0.04545,0.36281,0.3392,0.26136
2026-06-01T14:17:50+00:00,PM_HURRICANE_FL_2026,0.32315,2.1,-0.35211,0.40528,0.35091,0.33803
2026-06-01T14:18:00+00:00,KX_BIRDFLU_US_2026,0.40735,-1.7,0.69935,0.34595,0.38127,0.42484
2026-06-01T14:18:00+00:00,PM_HEATWAVE_EU_2026,0.32725,0.8,-0.16456,0.35732,0.336,0.29114
2026-06-01T14:18:00+00:00,PM_HURRICANE_FL_2026,0.3221,2.1,0.71228,0.42037,0.36417,0.42807
2026-06-01T14:18:10+00:00,KX_BIRDFLU_US_2026,0.4071,-1.7,0.67692,0.3454,0.38123,0.41923
2026-06-01T14:18:10+00:00,PM_HEATWAVE_EU_2026,0.32525,0.8,-0.62136,0.34867,0.33474,0.40534
2026-06-01T14:18:10+00:00,PM_HURRICANE_FL_2026,0.3202,2.1,-0.17288,0.40474,0.34499,0.29322
2026-06-01T14:18:20+00:00,KX_BIRDFLU_US_2026,0.40715,-1.7,0.09694,0.33723,0.38798,0.27423
2026-06-01T14:18:20+00:00,PM_HEATWAVE_EU_2026,0.32255,0.8,0.63736,0.36403,0.33953,0.40934
2026-06-01T14:18:20+00:00,PM_HURRICANE_FL_2026,0.3177,2.1,-0.34279,0.3994,0.34513,0.3357
2026-06-01T14:18:30+00:00,KX_BIRDFLU_US_2026,0.4121,-1.7,-0.00917,0.34032,0.39399,0.25229
2026-06-01T14:18:30+00:00,PM_HEATWAVE_EU_2026,0.32535,0.8,-0.41176,0.35178,0.33468,0.35294
2026-06-01T14:18:30+00:00,PM_HURRICANE_FL_2026,0.31795,2.1,0.02182,0.4052,0.34024,0.25545
2026-06-01T14:18:40+00:00,KX_BIRDFLU_US_2026,0.41385,-1.7,-0.70186,0.33219,0.37911,0.42547
2026-06-01T14:18:40+00:00,PM_HEATWAVE_EU_2026,0.32535,0.8,-0.25907,0.35397,0.33436,0.31477
2026-06-01T14:18:40+00:00,PM_HURRICANE_FL_2026,0.32255,2.1,-0.14712,0.40773,0.34698,0.28678
2026-06-01T14:18:50+00:00,KX_BIRDFLU_US_2026,0.4182,-1.7,-0.0872,0.34487,0.39827,0.2718
2026-06-01T14:18:50+00:00,PM_HEATWAVE_EU_2026,0.32625,0.8,0.05219,0.35941,0.33497,0.26305
2026-06-01T14:18:50+00:00,PM_HURRICANE_FL_2026,0.3199,2.1,-0.44554,0.40028,0.34895,0.36139
2026-06-01T14:19:00+00:00,KX_BIRDFLU_US_2026,0.42205,-1.7,-0.0338,0.34921,0.40323,0.25845
2026-06-01T14:19:00+00:00,PM_HEATWAVE_EU_2026,0.3286,0.8,0.10784,0.36268,0.33804,0.27696
2026-06-01T14:19:00+00:00,PM_HURRICANE_FL_2026,0.32105,2.1,-0.19617,0.40533,0.34625,0.29904
2026-06-01T14:19:10+00:00,KX_BIRDFLU_US_2026,0.4229,-1.7,-0.0042,0.35043,0.40471,0.25105
2026-06-01T14:19:10+00:00,PM_HEATWAVE_EU_2026,0.33095,0.8,0.15481,0.36583,0.34102,0.2887
2026-06-01T14:19:10+00:00,PM_HURRICANE_FL_2026,0.3214,2.1,0.19375,0.41165,0.34833,0.29844
2026-06-01T14:19:20+00:00,KX_BIRDFLU_US_2026,0.42175,-1.7,0.14986,0.35157,0.40158,0.28747
2026-06-01T14:19:20+00:00,PM_HEATWAVE_EU_2026,0.3353,0.8,0.20463,0.37112,0.34609,0.30116
2026-06-01T14:19:20+00:00,PM_HURRICANE_FL_2026,0.3178,2.1,0.23647,0.4083,0.34577,0.30912
2026-06-01T14:19:30+00:00,KX_BIRDFLU_US_2026,0.4168,-1.7,-0.57609,0.33666,0.38522,0.39402
2026-06-01T14:19:30+00:00,PM_HEATWAVE_EU_2026,0.33175,0.8,-0.48265,0.3574,0.34126,0.37066
2026-06-01T14:19:30+00:00,PM_HURRICANE_FL_2026,0.31815,2.1,-0.20096,0.40205,0.34334,0.30024
2026-06-01T14:19:40+00:00,KX_BIRDFLU_US_2026,0.4222,-1.7,0.66667,0.35945,0.39605,0.41667
2026-06-01T14:19:40+00:00,PM_HEATWAVE_EU_2026,0.33195,0.8,0.45098,0.37122,0.3462,0.36275
2026-06-01T14:19:40+00:00,PM_HURRICANE_FL_2026,0.3169,2.1,-0.26622,0.39967,0.3431,0.31655
2026-06-01T14:19:50+00:00,KX_BIRDFLU_US_2026,0.41565,-1.7,-0.71347,0.33368,0.38054,0.42837
2026-06-01T14:19:50+00:00,PM_HEATWAVE_EU_2026,0.33375,0.8,0.22368,0.36978,0.34477,0.30592
2026-06-01T14:19:50+00:00,PM_HURRICANE_FL_2026,0.31945,2.1,0.11548,0.40829,0.34423,0.27887
2026-06-01T14:20:00+00:00,KX_BIRDFLU_US_2026,0.4175,-1.7,-0.09751,0.34407,0.39735,0.27438
2026-06-01T14:20:00+00:00,PM_HEATWAVE_EU_2026,0.3314,0.8,-0.17544,0.36149,0.34024,0.29386
2026-06-01T14:20:00+00:00,PM_HURRICANE_FL_2026,0.3221,2.1,-0.10088,0.40794,0.34572,0.27522
2026-06-01T14:20:10+00:00,KX_BIRDFLU_US_2026,0.4217,-1.7,-0.00837,0.34925,0.40344,0.25209
2026-06-01T14:20:10+00:00,PM_HEATWAVE_EU_2026,0.3367,0.8,0.04688,0.37026,0.34548,0.26172
2026-06-01T14:20:10+00:00,PM_HURRICANE_FL_2026,0.32295,2.1,-0.10541,0.40881,0.34668,0.27635
2026-06-01T14:20:20+00:00,KX_BIRDFLU_US_2026,0.4248,-1.7,-0.21387,0.3492,0.40186,0.30347
2026-06-01T14:20:20+00:00,PM_HEATWAVE_EU_2026,0.3383,0.8,0.10316,0.37276,0.3478,0.27579
2026-06-01T14:20:20+00:00,PM_HURRICANE_FL_2026,0.32155,2.1,-0.09756,0.40738,0.3451,0.27439
2026-06-01T14:20:30+00:00,KX_BIRDFLU_US_2026,0.4247,-1.7,-0.2008,0.34929,0.40206,0.3002
2026-06-01T14:20:30+00:00,PM_HEATWAVE_EU_2026,0.3368,0.8,-0.23404,0.36625,0.34589,0.30851
2026-06-01T14:20:30+00:00,PM_HURRICANE_FL_2026,0.32485,2.1,0.77695,0.42443,0.36909,0.44424
2026-06-01T14:20:40+00:00,KX_BIRDFLU_US_2026,0.424,-1.7,-0.69637,0.34158,0.38905,0.42409
2026-06-01T14:20:40+00:00,PM_HEATWAVE_EU_2026,0.33825,0.8,0.33913,0.37619,0.35095,0.33478
2026-06-01T14:20:40+00:00,PM_HURRICANE_FL_2026,0.3218,2.1,-0.11184,0.40744,0.3456,0.27796
2026-06-01T14:20:50+00:00,KX_BIRDFLU_US_2026,0.4255,-1.7,0.07182,0.35395,0.40633,0.26796
2026-06-01T14:20:50+00:00,PM_HEATWAVE_EU_2026,0.337,0.8,0.15385,0.37215,0.34714,0.28846
2026-06-01T14:20:50+00:00,PM_HURRICANE_FL_2026,0.3203,2.1,-0.19068,0.40458,0.34539,0.29767
2026-06-01T14:21:00+00:00,KX_BIRDFLU_US_2026,0.4248,-1.7,0.28076,0.35631,0.40287,0.32019
2026-06-01T14:21:00+00:00,PM_HEATWAVE_EU_2026,0.33695,0.8,0.07296,0.37091,0.34606,0.26824
2026-06-01T14:21:00+00:00,PM_HURRICANE_FL_2026,0.3185,2.1,-0.25234,0.40166,0.34453,0.31308
2026-06-01T14:21:10+00:00,KX_BIRDFLU_US_2026,0.4297,-1.7,-0.4864,0.34985,0.40003,0.3716
2026-06-01T14:21:10+00:00,PM_HEATWAVE_EU_2026,0.33985,0.8,0.11454,0.37455,0.34952,0.27863
2026-06-01T14:21:10+00:00,PM_HURRICANE_FL_2026,0.3166,2.1,-0.54424,0.39515,0.34692,0.38606
2026-06-01T14:21:20+00:00,KX_BIRDFLU_US_2026,0.4287,-1.7,0.46078,0.36259,0.40456,0.3652
2026-06-01T14:21:20+00:00,PM_HEATWAVE_EU_2026,0.3426,0.8,-0.46094,0.36894,0.35222,0.36523
2026-06-01T14:21:20+00:00,PM_HURRICANE_FL_2026,0.3149,2.1,0.26857,0.40555,0.34365,0.31714
2026-06-01T14:21:30+00:00,KX_BIRDFLU_US_2026,0.4324,-1.7,-0.64356,0.3501,0.39858,0.41089
2026-06-01T14:21:30+00:00,PM_HEATWAVE_EU_2026,0.33855,0.8,-0.52756,0.36378,0.34818,0.38189
2026-06-01T14:21:30+00:00,PM_HURRICANE_FL_2026,0.3165,2.1,0.24,0.4069,0.34452,0.31
2026-06-01T14:21:40+00:00,KX_BIRDFLU_US_2026,0.433,1.33333,-0.29762,0.48791,0.4563,0.4244
2026-06-01T14:21:40+00:00,PM_HEATWAVE_EU_2026,0.33475,1.33333,-0.38596,0.38436,0.3569,0.44649
2026-06-01T14:21:40+00:00,PM_HURRICANE_FL_2026,0.3174,4.66667,0.31818,0.52356,0.40595,0.42955
2026-06-01T14:21:50+00:00,KX_BIRDFLU_US_2026,0.4335,1.33333,0.5,0.50098,0.46555,0.475
2026-06-01T14:21:50+00:00,PM_HEATWAVE_EU_2026,0.33645,1.33333,0.18696,0.39475,0.35958,0.39674
2026-06-01T14:21:50+00:00,PM_HURRICANE_FL_2026,0.3196,4.66667,-0.38208,0.51508,0.40669,0.44552
2026-06-01T14:22:00+00:00,KX_BIRDFLU_US_2026,0.4345,1.33333,-0.72586,0.4827,0.46011,0.53146
2026-06-01T14:22:00+00:00,PM_HEATWAVE_EU_2026,0.34085,1.33333,0.06334,0.39759,0.36161,0.36583
2026-06-01T14:22:00+00:00,PM_HURRICANE_FL_2026,0.3233,4.66667,-0.67598,0.51469,0.42263,0.51899
2026-06-01T14:22:10+00:00,KX_BIRDFLU_US_2026,0.43565,1.33333,0.74675,0.50705,0.47397,0.53669
2026-06-01T14:22:10+00:00,PM_HEATWAVE_EU_2026,0.3452,1.33333,-0.59336,0.39232,0.36868,0.49834
2026-06-01T14:22:10+00:00,PM_HURRICANE_FL_2026,0.32245,4.66667,-0.375,0.51845,0.40943,0.44375
2026-06-01T14:22:20+00:00,KX_BIRDFLU_US_2026,0.43645,1.33333,-0.5935,0.48676,0.46152,0.49837
2026-06-01T14:22:20+00:00,PM_HEATWAVE_EU_2026,0.34535,1.33333,0.6701,0.41161,0.37964,0.51753
2026-06-01T14:22:20+00:00,PM_HURRICANE_FL_2026,0.3271,4.66667,-0.06667,0.52859,0.40098,0.36667
2026-06-01T14:22:30+00:00,KX_BIRDFLU_US_2026,0.4368,1.33333,0.3414,0.50184,0.46511,0.43535
2026-06-01T14:22:30+00:00,PM_HEATWAVE_EU_2026,0.34885,1.33333,0.05461,0.40597,0.36962,0.36365
2026-06-01T14:22:30+00:00,PM_HURRICANE_FL_2026,0.32165,4.66667,0.22193,0.52692,0.40488,0.40548
2026-06-01T14:22:40+00:00,KX_BIRDFLU_US_2026,0.4381,1.33333,-0.14851,0.49544,0.4603,0.38713
2026-06-01T14:22:40+00:00,PM_HEATWAVE_EU_2026,0.35285,1.33333,0.46448,0.41647,0.38251,0.46612
2026-06-01T14:22:40+00:00,PM_HURRICANE_FL_2026,0.32145,4.66667,-0.05455,0.52235,0.3945,0.36364
2026-06-01T14:22:50+00:00,KX_BIRDFLU_US_2026,0.44285,1.33333,-0.06011,0.50165,0.46431,0.36503
2026-06-01T14:22:50+00:00,PM_HEATWAVE_EU_2026,0.35315,1.33333,-0.14535,0.40748,0.37414,0.38634
2026-06-01T14:22:50+00:00,PM_HURRICANE_FL_2026,0.32685,4.66667,0.79783,0.54185,0.44498,0.54946
2026-06-01T14:23:00+00:00,KX_BIRDFLU_US_2026,0.44445,1.33333,-0.18919,0.50124,0.46701,0.3973
2026-06-01T14:23:00+00:00,PM_HEATWAVE_EU_2026,0.3485,1.33333,-0.1377,0.40268,0.36933,0.38442
2026-06-01T14:23:00+00:00,PM_HURRICANE_FL_2026,0.33125,4.66667,0.05437,0.53516,0.40539,0.36359
2026-06-01T14:23:10+00:00,KX_BIRDFLU_US_2026,0.44675,1.33333,-0.60377,0.49704,0.47194,0.50094
2026-06-01T14:23:10+00:00,PM_HEATWAVE_EU_2026,0.347,1.33333,-0.16258,0.40071,0.36798,0.39065
2026-06-01T14:23:10+00:00,PM_HURRICANE_FL_2026,0.33195,4.66667,-0.45455,0.52797,0.42283,0.46364
2026-06-01T14:23:20+00:00,KX_BIRDFLU_US_2026,0.45,1.33333,-0.07801,0.5086,0.47165,0.3695
2026-06-01T14:23:20+00:00,PM_HEATWAVE_EU_2026,0.34915,1.33333,0.16522,0.40797,0.37217,0.3913
2026-06-01T14:23:20+00:00,PM_HURRICANE_FL_2026,0.33135,4.66667,-0.56447,0.52557,0.42673,0.49112
2026-06-01T14:23:30+00:00,KX_BIRDFLU_US_2026,0.44715,1.33333,-0.14976,0.50459,0.46941,0.38744
2026-06-01T14:23:30+00:00,PM_HEATWAVE_EU_2026,0.35275,1.33333,-0.46844,0.40216,0.37583,0.46711
2026-06-01T14:23:30+00:00,PM_HURRICANE_FL_2026,0.33235,4.66667,0.01064,0.53571,0.40407,0.35266
2026-06-01T14:23:40+00:00,KX_BIRDFLU_US_2026,0.44675,1.33333,-0.09589,0.50504,0.46855,0.37397
2026-06-01T14:23:40+00:00,PM_HEATWAVE_EU_2026,0.35645,1.33333,0.03243,0.41368,0.37695,0.35811
2026-06-01T14:23:40+00:00,PM_HURRICANE_FL_2026,0.3353,4.66667,0.18717,0.54177,0.41723,0.39679
2026-06-01T14:23:50+00:00,KX_BIRDFLU_US_2026,0.4475,1.33333,-0.46746,0.49994,0.47198,0.46686
2026-06-01T14:23:50+00:00,PM_HEATWAVE_EU_2026,0.35645,1.33333,-0.61468,0.40383,0.38031,0.50367
2026-06-01T14:23:50+00:00,PM_HURRICANE_FL_2026,0.3346,4.66667,0.06154,0.53903,0.40929,0.36538
2026-06-01T14:24:00+00:00,KX_BIRDFLU_US_2026,0.44505,1.33333,-0.21319,0.50147,0.4678,0.4033
2026-06-01T14:24:00+00:00,PM_HEATWAVE_EU_2026,0.35665,1.33333,-0.31507,0.40859,0.37892,0.42877
2026-06-01T14:24:00+00:00,PM_HURRICANE_FL_2026,0.33265,4.66667,0.50413,0.54377,0.43315,0.47603
2026-06-01T14:24:10+00:00,KX_BIRDFLU_US_2026,0.44475,1.33333,-0.17476,0.50177,0.4672,0.39369
2026-06-01T14:24:10+00:00,PM_HEATWAVE_EU_2026,0.34975,1.33333,0.34066,0.41128,0.37653,0.43516
2026-06-01T14:24:10+00:00,PM_HURRICANE_FL_2026,0.33565,4.66667,0.05956,0.54017,0.41028,0.36489
2026-06-01T14:24:20+00:00,KX_BIRDFLU_US_2026,0.44435,1.33333,-0.09091,0.50269,0.46609,0.37273
2026-06-01T14:24:20+00:00,PM_HEATWAVE_EU_2026,0.3509,1.33333,-0.66197,0.39729,0.37481,0.51549
2026-06-01T14:24:20+00:00,PM_HURRICANE_FL_2026,0.33625,4.66667,0.02158,0.54024,0.40875,0.3554
2026-06-01T14:24:30+00:00,KX_BIRDFLU_US_2026,0.44335,1.33333,0.49091,0.51084,0.47525,0.47273
2026-06-01T14:24:30+00:00,PM_HEATWAVE_EU_2026,0.3503,1.33333,0.07629,0.40784,0.37154,0.36907
2026-06-01T14:24:30+00:00,PM_HURRICANE_FL_2026,0.33545,4.66667,0.05785,0.53992,0.40997,0.36446
2026-06-01T14:24:40+00:00,KX_BIRDFLU_US_2026,0.4455,1.33333,-0.2623,0.50115,0.46863,0.41557
2026-06-01T14:24:40+00:00,PM_HEATWAVE_EU_2026,0.35275,1.33333,0.59459,0.41836,0.38547,0.49865
2026-06-01T14:24:40+00:00,PM_HURRICANE_FL_2026,0.33415,4.66667,0.78704,0.54986,0.45209,0.54676
2026-06-01T14:24:50+00:00,KX_BIRDFLU_US_2026,0.4436,1.33333,0.12727,0.50536,0.46718,0.38182
2026-06-01T14:24:50+00:00,PM_HEATWAVE_EU_2026,0.35655,1.33333,-0.44743,0.40647,0.37961,0.46186
2026-06-01T14:24:50+00:00,PM_HURRICANE_FL_2026,0.3363,4.66667,-0.58889,0.53073,0.43297,0.49722
2026-06-01T14:25:00+00:00,KX_BIRDFLU_US_2026,0.4434,1.33333,-0.14146,0.50093,0.46557,0.38537
2026-06-01T14:25:00+00:00,PM_HEATWAVE_EU_2026,0.3584,1.33333,-0.46875,0.40809,0.38162,0.46719
2026-06-01T14:25:00+00:00,PM_HURRICANE_FL_2026,0.3357,4.66667,-0.28904,0.53476,0.41976,0.42226
2026-06-01T14:25:10+00:00,KX_BIRDFLU_US_2026,0.44655,1.33333,0.79931,0.51893,0.48634,0.54983
2026-06-01T14:25:10+00:00,PM_HEATWAVE_EU_2026,0.35765,1.33333,-0.01176,0.41428,0.37764,0.35294
2026-06-01T14:25:10+00:00,PM_HURRICANE_FL_2026,0.33915,4.66667,-0.10294,0.54151,0.41518,0.37574
2026-06-01T14:25:20+00:00,KX_BIRDFLU_US_2026,0.44225,1.33333,-0.28834,0.49745,0.46555,0.42209
2026-06-01T14:25:20+00:00,PM_HEATWAVE_EU_2026,0.35465,1.33333,-0.76316,0.39969,0.37901,0.54079
2026-06-01T14:25:20+00:00,PM_HURRICANE_FL_2026,0.33835,4.66667,-0.66957,0.53175,0.43841,0.51739
2026-06-01T14:25:30+00:00,KX_BIRDFLU_US_2026,0.44255,1.33333,-0.63689,0.49226,0.46787,0.50922
2026-06-01T14:25:30+00:00,PM_HEATWAVE_EU_2026,0.35575,1.33333,-0.19897,0.40941,0.3772,0.39974
2026-06-01T14:25:30+00:00,PM_HURRICANE_FL_2026,0.33975,4.66667,-0.10332,0.54217,0.41583,0.37583
2026-06-01T14:25:40+00:00,KX_BIRDFLU_US_2026,0.44135,1.33333,-0.33564,0.49579,0.46497,0.43391
2026-06-01T14:25:40+00:00,PM_HEATWAVE_EU_2026,0.35475,1.33333,-0.85915,0.39835,0.37937,0.56479
2026-06-01T14:25:40+00:00,PM_HURRICANE_FL_2026,0.34335,4.66667,0.40523,0.55407,0.43845,0.45131
2026-06-01T14:25:50+00:00,KX_BIRDFLU_US_2026,0.43725,1.33333,-0.58879,0.48765,0.46231,0.4972
2026-06-01T14:25:50+00:00,PM_HEATWAVE_EU_2026,0.35665,1.33333,-0.29519,0.4089,0.37879,0.4238
2026-06-01T14:25:50+00:00,PM_HURRICANE_FL_2026,0.3425,4.66667,0.62774,0.5566,0.45103,0.50693
2026-06-01T14:26:00+00:00,KX_BIRDFLU_US_2026,0.4334,1.33333,0.09091,0.49443,0.45615,0.37273
2026-06-01T14:26:00+00:00,PM_HEATWAVE_EU_2026,0.35845,1.33333,0.43915,0.42203,0.38768,0.45979
2026-06-01T14:26:00+00:00,PM_HURRICANE_FL_2026,0.34355,4.66667,0.58017,0.55701,0.44922,0.49504
2026-06-01T14:26:10+00:00,KX_BIRDFLU_US_2026,0.43645,1.33333,-0.48571,0.48846,0.46097,0.47143
2026-06-01T14:26:10+00:00,PM_HEATWAVE_EU_2026,0.35955,1.33333,0.03349,0.41697,0.38013,0.35837
2026-06-01T14:26:10+00:00,PM_HURRICANE_FL_2026,0.344,4.66667,-0.59292,0.5392,0.44126,0.49823
2026-06-01T14:26:20+00:00,KX_BIRDFLU_US_2026,0.4404,1.33333,0.79562,0.51264,0.48005,0.54891
2026-06-01T14:26:20+00:00,PM_HEATWAVE_EU_2026,0.35845,1.33333,-0.4875,0.40786,0.38177,0.47187
2026-06-01T14:26:20+00:00,PM_HURRICANE_FL_2026,0.34105,4.66667,-0.18519,0.54233,0.42082,0.3963
2026-06-01T14:26:30+00:00,KX_BIRDFLU_US_2026,0.4413,1.33333,0.43842,0.50793,0.47192,0.45961
2026-06-01T14:26:30+00:00,PM_HEATWAVE_EU_2026,0.3574,1.33333,-0.16667,0.41165,0.37865,0.39167
2026-06-01T14:26:30+00:00,PM_HURRICANE_FL_2026,0.34195,4.66667,-0.08046,0.54496,0.41709,0.37011
2026-06-01T14:26:40+00:00,KX_BIRDFLU_US_2026,0.44025,1.33333,-0.1117,0.4982,0.46215,0.37793
2026-06-01T14:26:40+00:00,PM_HEATWAVE_EU_2026,0.3529,1.33333,0.59477,0.41852,0.38562,0.49869
2026-06-01T14:26:40+00:00,PM_HURRICANE_FL_2026,0.3449,4.66667,0.39062,0.55554,0.43919,0.44766
2026-06-01T14:26:50+00:00,KX_BIRDFLU_US_2026,0.443,3.3,0.35099,0.59559,0.49454,0.33775
2026-06-01T14:26:50+00:00,PM_HEATWAVE_EU_2026,0.35495,0.8,0.19283,0.39145,0.36584,0.29821
2026-06-01T14:26:50+00:00,PM_HURRICANE_FL_2026,0.34655,3.5,-0.37037,0.49311,0.39676,0.34259
2026-06-01T14:27:00+00:00,KX_BIRDFLU_US_2026,0.43845,3.3,-0.37561,0.58003,0.48714,0.3439
2026-06-01T14:27:00+00:00,PM_HEATWAVE_EU_2026,0.3518,0.8,-0.75845,0.37404,0.36158,0.43961
2026-06-01T14:27:00+00:00,PM_HURRICANE_FL_2026,0.34725,3.5,-0.67123,0.48914,0.40653,0.41781
2026-06-01T14:27:10+00:00,KX_BIRDFLU_US_2026,0.43715,3.3,-0.70122,0.57373,0.49524,0.4253
2026-06-01T14:27:10+00:00,PM_HEATWAVE_EU_2026,0.3536,0.8,0.41493,0.39338,0.36767,0.35373
2026-06-01T14:27:10+00:00,PM_HURRICANE_FL_2026,0.34755,3.5,-0.02232,0.49969,0.38643,0.25558
2026-06-01T14:27:20+00:00,KX_BIRDFLU_US_2026,0.43335,3.3,-0.57621,0.57187,0.48794,0.39405
2026-06-01T14:27:20+00:00,PM_HEATWAVE_EU_2026,0.35495,0.8,0.54032,0.39668,0.37102,0.38508
2026-06-01T14:27:20+00:00,PM_HURRICANE_FL_2026,0.34835,3.5,0.63701,0.51096,0.4149,0.40925
2026-06-01T14:27:30+00:00,KX_BIRDFLU_US_2026,0.42985,3.3,-0.82114,0.56459,0.49119,0.45528
2026-06-01T14:27:30+00:00,PM_HEATWAVE_EU_2026,0.35475,0.8,0.12039,0.39016,0.36467,0.2801
2026-06-01T14:27:30+00:00,PM_HURRICANE_FL_2026,0.35545,3.5,0.15119,0.51109,0.40024,0.2878
2026-06-01T14:27:40+00:00,KX_BIRDFLU_US_2026,0.42795,3.3,-0.48315,0.56791,0.47985,0.37079
2026-06-01T14:27:40+00:00,PM_HEATWAVE_EU_2026,0.34785,0.8,-0.78507,0.36959,0.35755,0.44627
2026-06-01T14:27:40+00:00,PM_HURRICANE_FL_2026,0.35515,3.5,0.08229,0.50968,0.39696,0.27057
2026-06-01T14:27:50+00:00,KX_BIRDFLU_US_2026,0.43245,3.3,0.69565,0.59048,0.49944,0.42391
2026-06-01T14:27:50+00:00,PM_HEATWAVE_EU_2026,0.34305,0.8,-0.16779,0.37372,0.352,0.29195
2026-06-01T14:27:50+00:00,PM_HURRICANE_FL_2026,0.36225,3.5,0.55556,0.52483,0.42547,0.38889
2026-06-01T14:28:00+00:00,KX_BIRDFLU_US_2026,0.4322,3.3,-0.1831,0.57678,0.47496,0.29577
2026-06-01T14:28:00+00:00,PM_HEATWAVE_EU_2026,0.3413,0.8,-0.44751,0.36779,0.35089,0.36188
2026-06-01T14:28:00+00:00,PM_HURRICANE_FL_2026,0.36745,3.5,-0.46405,0.51439,0.42123,0.36601
2026-06-01T14:28:10+00:00,KX_BIRDFLU_US_2026,0.4328,3.3,0.01172,0.58037,0.47013,0.25293
2026-06-01T14:28:10+00:00,PM_HEATWAVE_EU_2026,0.3376,0.8,-0.67068,0.36072,0.34725,0.41767
2026-06-01T14:28:10+00:00,PM_HURRICANE_FL_2026,0.37105,3.5,0.31064,0.53043,0.42327,0.32766
2026-06-01T14:28:20+00:00,KX_BIRDFLU_US_2026,0.43405,3.3,0.08085,0.58267,0.47421,0.27021
2026-06-01T14:28:20+00:00,PM_HEATWAVE_EU_2026,0.33865,0.8,0.14706,0.37378,0.34872,0.28676
2026-06-01T14:28:20+00:00,PM_HURRICANE_FL_2026,0.37865,3.5,-0.44913,0.52658,0.43224,0.36228
2026-06-01T14:28:30+00:00,KX_BIRDFLU_US_2026,0.43645,3.3,0.69737,0.59444,0.50349,0.42434
2026-06-01T14:28:30+00:00,PM_HEATWAVE_EU_2026,0.34205,0.8,0.77033,0.3866,0.36177,0.44258
2026-06-01T14:28:30+00:00,PM_HURRICANE_FL_2026,0.3774,3.5,0.11321,0.53408,0.421,0.2783
2026-06-01T14:28:40+00:00,KX_BIRDFLU_US_2026,0.43855,3.3,-0.87179,0.57249,0.50123,0.46795
2026-06-01T14:28:40+00:00,PM_HEATWAVE_EU_2026,0.3407,0.8,-0.5,0.3664,0.35034,0.375
2026-06-01T14:28:40+00:00,PM_HURRICANE_FL_2026,0.3779,3.5,-0.49035,0.52514,0.43276,0.37259
2026-06-01T14:28:50+00:00,KX_BIRDFLU_US_2026,0.4362,3.3,-0.74405,0.57212,0.49546,0.43601
2026-06-01T14:28:50+00:00,PM_HEATWAVE_EU_2026,0.33735,0.8,-0.64835,0.36078,0.34701,0.41209
2026-06-01T14:28:50+00:00,PM_HURRICANE_FL_2026,0.3803,3.5,-0.03817,0.53477,0.42039,0.25954
2026-06-01T14:29:00+00:00,KX_BIRDFLU_US_2026,0.4376,3.3,-0.5119,0.57709,0.49032,0.37798
2026-06-01T14:29:00+00:00,PM_HEATWAVE_EU_2026,0.34345,0.8,0.22162,0.37989,0.35458,0.30541
2026-06-01T14:29:00+00:00,PM_HURRICANE_FL_2026,0.37995,3.5,-0.12426,0.53305,0.42298,0.28107
2026-06-01T14:29:10+00:00,KX_BIRDFLU_US_2026,0.4396,3.3,-0.53684,0.57869,0.49304,0.38421
2026-06-01T14:29:10+00:00,PM_HEATWAVE_EU_2026,0.34225,0.8,-0.09934,0.3739,0.35095,0.27483
2026-06-01T14:29:10+00:00,PM_HURRICANE_FL_2026,0.37985,3.5,-0.22004,0.53145,0.42609,0.30501
2026-06-01T14:29:20+00:00,KX_BIRDFLU_US_2026,0.43405,3.3,-0.69038,0.57081,0.49184,0.42259
2026-06-01T14:29:20+00:00,PM_HEATWAVE_EU_2026,0.3417,0.8,0.74915,0.38591,0.36103,0.43729
2026-06-01T14:29:20+00:00,PM_HURRICANE_FL_2026,0.38305,3.5,0.25061,0.54219,0.43281,0.31265
2026-06-01T14:29:30+00:00,KX_BIRDFLU_US_2026,0.43505,3.3,-0.22727,0.57894,0.4792,0.30682
2026-06-01T14:29:30+00:00,PM_HEATWAVE_EU_2026,0.34305,0.8,-0.55162,0.36808,0.35276,0.38791
2026-06-01T14:29:30+00:00,PM_HURRICANE_FL_2026,0.37925,3.5,-0.42584,0.52758,0.43212,0.35646
2026-06-01T14:29:40+00:00,KX_BIRDFLU_US_2026,0.44015,3.3,-0.30263,0.58282,0.48661,0.32566
2026-06-01T14:29:40+00:00,PM_HEATWAVE_EU_2026,0.3441,0.8,0.49693,0.38467,0.35928,0.37423
2026-06-01T14:29:40+00:00,PM_HURRICANE_FL_2026,0.37705,3.5,0.56568,0.5408,0.44114,0.39142
2026-06-01T14:29:50+00:00,KX_BIRDFLU_US_2026,0.44095,3.3,-0.0231,0.58789,0.47853,0.25578
2026-06-01T14:29:50+00:00,PM_HEATWAVE_EU_2026,0.3455,0.8,0.26638,0.3827,0.35728,0.31659
2026-06-01T14:29:50+00:00,PM_HURRICANE_FL_2026,0.3742,3.5,-0.34247,0.52353,0.42432,0.33562
